Time,Noise_Signal,Signal
0.0,-0.336449605460831,0.0
0.05002501250625312,0.4734700219083786,0.0
0.10005002501250625,0.11110914534134395,0.0
0.15007503751875936,0.16576906488556545,0.0
0.2001000500250125,-0.4367201143552135,0.0
0.2501250625312656,1.8012007693343666,0.0
0.3001500750375187,-1.3173943870172866,0.0
0.35017508754377186,-1.3688312246465293,0.0
0.400200100050025,1.4875592038168994,0.0
0.4502251125562781,-0.0036286875338626384,0.0
0.5002501250625312,0.28244452843444817,0.0
0.5502751375687843,-0.2613088275590317,0.0
0.6003001500750375,-0.5603385375609792,0.0
0.6503251625812906,1.014579485398795,0.0
0.7003501750875437,-0.3490063029656645,0.0
0.7503751875937968,0.4957675672384348,0.0
0.80040020010005,-0.5155243147543872,0.0
0.8504252126063031,-0.9007818043816644,0.0
0.9004502251125562,0.025821710421217444,0.0
0.9504752376188094,0.007458522145282432,0.0
1.0005002501250624,0.6609542090291962,0.0
1.0505252626313155,0.7588262687127986,0.0
1.1005502751375686,0.08363410067692732,0.0
1.1505752876438218,-0.5460648882148682,0.0
1.200600300150075,-0.8745008430690205,0.0
1.250625312656328,-1.091149405739384,0.0
1.3006503251625812,-2.2611145189457096,0.0
1.3506753376688343,2.594647072329766,0.0
1.4007003501750874,1.1220074182779038,0.0
1.4507253626813406,0.005004222863158752,0.0
1.5007503751875937,1.1043223129001105,0.0
1.5507753876938468,0.06645715328266305,0.0
1.6008004002001,-0.2426493335836231,0.0
1.650825412706353,-0.16973475325540904,0.0
1.7008504252126062,0.03712260047101644,0.0
1.7508754377188593,-1.5460558062867222,0.0
1.8009004502251125,1.0854316813110114,0.0
1.8509254627313656,-1.5775018801711742,0.0
1.9009504752376187,-0.8110597547919894,0.0
1.9509754877438719,0.0004302307843432313,0.0
2.0010005002501248,-0.9583084919513745,0.0
2.051025512756378,0.15468152962164777,0.0
2.101050525262631,0.23745575349353623,0.0
2.151075537768884,-0.06487892763088017,0.0
2.2011005502751373,-0.6727678756919967,0.0
2.2511255627813904,-1.7988201912132828,0.0
2.3011505752876436,-1.1789385101899221,0.0
2.3511755877938967,-4.109214352594677,0.0
2.40120060030015,0.9590609514278806,0.0
2.451225612806403,0.0007766873137737998,0.0
2.501250625312656,-0.4191907622168955,0.0
2.551275637818909,1.5414440779585532,0.0
2.6013006503251623,0.2187273975455633,0.0
2.6513256628314155,-0.2429033155507959,0.0
2.7013506753376686,0.5751515975769846,0.0
2.7513756878439217,0.8173683690836353,0.0
2.801400700350175,1.3708985884939844,0.0
2.851425712856428,-0.5130310777554647,0.0
2.901450725362681,-0.22748728569335433,0.0
2.9514757378689342,-0.0018517795025999365,0.0
3.0015007503751874,-0.018116007941671158,0.0
3.0515257628814405,-1.1714010549553149,0.0
3.1015507753876936,-0.055441072309706824,0.0
3.1515757878939468,-0.022558420909281566,0.0
3.2016008004002,-0.20648814907823262,0.0
3.251625812906453,-0.8234238934995484,0.0
3.301650825412706,0.389000165335678,0.0
3.3516758379189593,-2.7963291057878634,0.0
3.4017008504252124,-0.40206962980652294,0.0
3.4517258629314655,0.0025322237821758294,0.0
3.5017508754377187,0.7474160820607495,0.0
3.551775887943972,0.20723991381830328,0.0
3.601800900450225,0.1293268038856255,0.0
3.651825912956478,-0.13516683524112183,0.0
3.701850925462731,0.30646944976918966,0.0
3.7518759379689843,-0.22222042509910936,0.0
3.8019009504752375,-0.007358523386434028,0.0
3.8519259629814906,2.1684148098005913,0.0
3.9019509754877437,-0.5414495598402095,0.0
3.951975987993997,0.001686939446582467,0.0
4.0020010005002495,-0.24142698055431513,0.0
4.052026013006503,-0.27741885526590876,0.0
4.102051025512756,-0.5803137726302714,0.0
4.152076038019009,0.2728141960329508,0.0
4.202101050525262,0.047335560750723704,0.0
4.252126063031516,0.46515866056830574,0.0
4.302151075537768,-2.3521446209947467,0.0
4.352176088044022,-1.516184890768768,0.0
4.402201100550275,-1.4376615806506499,0.0
4.452226113056528,-0.014790006815532707,0.0
4.502251125562781,0.0810798735907601,0.0
4.552276138069034,-0.47221022425090337,0.0
4.602301150575287,-0.14202387452570042,0.0
4.652326163081541,0.05982725177186305,0.0
4.702351175587793,0.8228054337327801,0.0
4.752376188094047,-1.2751190998635602,0.0
4.8024012006003,0.8511314979635919,0.0
4.852426213106553,-0.6423130886684512,0.0
4.902451225612806,0.3718652250127883,0.0
4.9524762381190595,-0.02302822417540498,0.0
5.002501250625312,-1.006325178020437,0.0
5.052526263131566,1.14371498341005,0.0
5.102551275637818,-0.5050507138762519,0.0
5.152576288144072,-0.011188382378831543,0.0
5.202601300650325,0.24410898329920755,0.0
5.252626313156578,-0.06311888003784158,0.0
5.302651325662831,0.7525440836063296,0.0
5.3526763381690845,1.130937244299468,0.0
5.402701350675337,0.12266757544493143,0.0
5.452726363181591,0.0024103931051212956,0.0
5.5027513756878434,-0.6031332707553153,0.0
5.552776388194097,0.8431391865655522,0.0
5.60280140070035,-0.3576653641579666,0.0
5.652826413206603,-0.5092277710536162,0.0
5.702851425712856,0.042534204278440284,0.0
5.7528764382191095,-0.9807838491107689,0.0
5.802901450725362,2.9715701726389945,0.0
5.852926463231616,2.1399190854403702,0.0
5.9029514757378685,0.42337483758371164,0.0
5.952976488244122,0.009461541442140956,0.0
6.003001500750375,-0.47718367242850984,0.0
6.053026513256628,-0.00815350817182319,0.0
6.103051525762881,0.4165805902577737,0.0
6.153076538269135,-0.07647527405515545,0.0
6.203101550775387,0.9462007231115633,0.0
6.253126563281641,-0.6773508712662342,0.0
6.3031515757878935,1.2602420376263737,0.0
6.353176588294147,-0.7687949179653097,0.0
6.4032016008004,0.0398590096284763,0.0
6.4532266133066525,-0.02284305927022214,0.0
6.503251625812906,-0.6447280788013585,0.0
6.553276638319159,-0.7360269038804291,0.0
6.603301650825412,-0.33375346860809074,0.0
6.653326663331665,-0.11869831044874779,0.0
6.703351675837919,0.15632534820114297,0.0
6.753376688344171,1.4865167800722754,0.0
6.803401700850425,1.918057702345577,0.0
6.8534267133566775,-0.9884505083037033,0.0
6.903451725862931,0.6011183036685898,0.0
6.953476738369184,-0.0654613531711059,0.0
7.003501750875437,-1.097650225910672,0.0
7.05352676338169,0.8722870338044262,0.0
7.103551775887944,0.06672906833078958,0.0
7.153576788394196,0.1580443450159658,0.0
7.20360180090045,-0.13104460042871974,0.0
7.253626813406703,0.4078517220491288,0.0
7.303651825912956,-2.247609951019006,0.0
7.353676838419209,-0.07843290742846308,0.0
7.403701850925462,1.3229065942158875,0.0
7.453726863431715,-0.011173782872787863,0.0
7.503751875937969,0.5543835591213377,0.0
7.553776888444221,0.5727643696766008,0.0
7.603801900950475,-0.5092116349679913,0.0
7.653826913456728,-0.07596736678953712,0.0
7.703851925962981,0.9168188623307756,0.0
7.753876938469234,-0.4089724759563827,0.0
7.8039019509754874,0.13238676419601703,0.0
7.85392696348174,-0.12308286264495312,0.0
7.903951975987994,0.6186497613601162,0.0
7.953976988494246,0.03915993820159539,0.0
8.004002001000499,-0.08302706541062516,0.0
8.054027013506753,-0.14442957165833362,0.0
8.104052026013006,0.4235206960573925,0.0
8.15407703851926,0.2912373251661182,0.0
8.204102051025512,0.007926180560886556,0.0
8.254127063531765,-0.45555456579494086,0.0
8.304152076038019,0.7699234379556634,0.0
8.354177088544272,1.3944766036340301,0.0
8.404202101050524,0.47025693459243556,0.0
8.454227113556778,0.006837107960877612,0.0
8.504252126063031,-0.15928261661229204,0.0
8.554277138569285,-0.06902623383331769,0.0
8.604302151075537,0.34069406571849203,0.0
8.65432716358179,0.20811586831723167,0.0
8.704352176088044,0.6018140737489932,0.0
8.754377188594297,-0.43166703048090943,0.0
8.80440220110055,-0.13374291387913528,0.0
8.854427213606803,1.3061775990966278,0.0
8.904452226113056,0.1029822063465633,0.0
8.95447723861931,0.026123765205631592,0.0
9.004502251125562,-0.23094710674479635,0.0
9.054527263631815,-0.04516745803920347,0.0
9.104552276138069,0.13820090073043115,0.0
9.154577288644322,-0.10615353864393318,0.0
9.204602301150574,0.43387542298647225,0.0
9.254627313656828,0.8104448750450242,0.0
9.304652326163081,-0.5879812205231937,0.0
9.354677338669335,-1.0117432109179183,0.0
9.404702351175587,0.48311082599134775,0.0
9.45472736368184,0.051510138241849225,0.0
9.504752376188094,-0.02896241804593845,0.0
9.554777388694347,0.6643149315803878,0.0
9.6048024012006,-0.2943771215547526,0.0
9.654827413706853,-0.4207776528295734,0.0
9.704852426213106,0.7893648403527684,0.0
9.754877438719358,-0.12726367279880327,0.0
9.804902451225612,0.12549290905443156,0.0
9.854927463731865,-0.44596579412778997,0.0
9.904952476238119,-0.20886664343912534,0.0
9.95497748874437,-0.01906860756910596,0.0
10.005002501250624,1.4625936712261862,0.0
10.055027513756878,-0.4863069282189381,0.0
10.105052526263131,-0.43056634770094154,0.0
10.155077538769383,-0.3777240484165694,0.0
10.205102551275637,0.9385859428092871,0.0
10.25512756378189,-2.4920512904494077,0.0
10.305152576288144,0.46857382748594506,0.0
10.355177588794396,0.00029183763378658374,0.0
10.40520260130065,0.4279914472538285,0.0
10.455227613806903,-0.05176495100725575,0.0
10.505252626313156,0.06252304000882254,0.0
10.555277638819408,-0.08552541589902221,0.0
10.605302651325662,0.4160524309383608,0.0
10.655327663831915,0.6863566349462309,0.0
10.705352676338169,0.11691962872402253,0.0
10.75537768884442,-1.421938303370153,0.0
10.805402701350674,1.6299717426848952,0.0
10.855427713856928,0.009141715662370445,0.0
10.905452726363182,0.35321050409205174,0.0
10.955477738869433,0.03843821917691033,0.0
11.005502751375687,-0.6626125078907117,0.0
11.05552776388194,0.20403445102402937,0.0
11.105552776388194,1.1089052281103406,0.0
11.155577788894446,-0.11369241409716124,0.0
11.2056028014007,0.1484468973867445,0.0
11.255627813906953,-1.0402485341503351,0.0
11.305652826413207,0.2704406175684418,0.0
11.355677838919458,2.813775340917975,0.0
11.405702851425712,0.4256548480179124,0.0
11.455727863931966,-0.010235860464250028,0.0
11.505752876438219,-0.3718457554601805,0.0
11.55577788894447,0.4661032350048626,0.0
11.605802901450724,0.26290798804303916,0.0
11.655827913956978,0.04260171059319182,0.0
11.705852926463232,-0.4863661559236546,0.0
11.755877938969483,0.49848457607292446,0.0
11.805902951475737,-1.1675684369153163,0.0
11.85592796398199,2.0595517326191377,0.0
11.905952976488244,-0.9881780595289419,0.0
11.955977988994496,0.07696347807905496,0.0
12.00600300150075,-0.9299186062265474,0.0
12.056028014007003,-0.5613343749990923,0.0
12.106053026513257,0.0013248685992891876,0.0
12.156078039019508,-0.42857996639267026,0.0
12.206103051525762,-0.13813782044478792,0.0
12.256128064032016,-1.5028860344254042,0.0
12.30615307653827,0.04395899869777256,0.0
12.356178089044521,0.5417097316217564,0.0
12.406203101550775,0.8417490541164935,0.0
12.456228114057028,0.03138962010518665,0.0
12.506253126563282,0.008577637045605891,0.0
12.556278139069533,0.1315755908492018,0.0
12.606303151575787,-0.20663124483432654,0.0
12.65632816408204,0.37160496236290724,0.0
12.706353176588294,-0.5229927684317786,0.0
12.756378189094546,0.2183760901788103,0.0
12.8064032016008,-0.6352775936219489,0.0
12.856428214107053,-0.04523591486525379,0.0
12.906453226613305,-0.7253600285937221,0.0
12.956478239119559,0.009256713017438897,0.0
13.006503251625812,0.2584957820884808,0.0
13.056528264132066,1.2936416204017898,0.0
13.106553276638317,0.12713769345826104,0.0
13.156578289144571,0.5538065012823841,0.0
13.206603301650825,-0.363187308673638,0.0
13.256628314157078,0.1478970098888084,0.0
13.30665332666333,0.5923506771228332,0.0
13.356678339169584,-0.40955265851405925,0.0
13.406703351675837,0.18077132196112858,0.0
13.45672836418209,0.0020627498080959274,0.0
13.506753376688343,-0.23702164123135297,0.0
13.556778389194596,0.34058310341176873,0.0
13.60680340170085,-0.2406170822462709,0.0
13.656828414207103,0.5896382446974675,0.0
13.706853426713355,0.7157753395945615,0.0
13.756878439219609,1.5429460660638599,0.0
13.806903451725862,-0.34337852568911387,0.0
13.856928464232116,0.147979774916633,0.0
13.906953476738368,0.005049525413445814,0.0
13.956978489244621,0.1347183300704531,0.0
14.007003501750875,0.23723225597208336,0.0
14.057028514257128,0.2570117558971674,0.0
14.10705352676338,0.38182183196479536,0.0
14.157078539269634,-0.4780357463395295,0.0
14.207103551775887,-0.06060206925286824,0.0
14.25712856428214,-0.017120563687657478,0.0
14.307153576788393,-2.2600903601193907,0.0
14.357178589294646,-0.578676431123082,0.0
14.4072036018009,0.3740390223525379,0.0
14.457228614307153,0.05050177208433101,0.0
14.507253626813405,-0.18855539909739155,0.0
14.557278639319659,0.33286097370300555,0.0
14.607303651825912,-0.5142921816169219,0.0
14.657328664332166,0.19879858674491227,0.0
14.707353676838418,0.4817350854636444,0.0
14.757378689344671,-0.7211666652139755,0.0
14.807403701850925,-0.08677826915852889,0.0
14.857428714357178,-1.4366957991004987,0.0
14.90745372686343,0.28555313443410535,0.0
14.957478739369684,-0.07520876975109198,0.0
15.007503751875937,0.2764265361138203,0.0
15.057528764382191,-0.5350887208245676,0.0
15.107553776888443,0.42010004065157885,0.0
15.157578789394696,-0.0049673810005244545,0.0
15.20760380190095,0.3993074293666784,0.0
15.257628814407203,1.3545798929648392,0.0
15.307653826913455,-0.05403353170105399,0.0
15.357678839419709,0.9133654878638369,0.0
15.407703851925962,-0.3511490962678391,0.0
15.457728864432216,0.09100770773339587,0.0
15.507753876938468,-0.9007769993452621,0.0
15.557778889444721,-0.1853898998132719,0.0
15.607803901950975,-0.6767625377121124,0.0
15.657828914457228,-0.5683235803103671,0.0
15.70785392696348,-0.1054886855726598,0.0
15.757878939469734,-0.6046524353017243,0.0
15.807903951975987,-0.5234550302362853,0.0
15.857928964482241,0.5379359313026469,0.0
15.907953976988493,-0.37898050511760994,0.0
15.957978989494746,0.018268474258376827,0.0
16.008004002000998,-0.5589850921679127,0.0
16.05802901450725,-0.3311735476163235,0.0
16.108054027013505,-0.28665066166095177,0.0
16.15807903951976,-0.3322902016575543,0.0
16.208104052026012,-0.286081332738617,0.0
16.258129064532266,-0.10539549144872676,0.0
16.30815407703852,-0.37890438635047935,0.0
16.35817908954477,1.6406688490229955,0.0
16.408204102051023,0.9967422705726667,0.0
16.458229114557277,0.044028474830036954,0.0
16.50825412706353,-0.34309596546365095,0.0
16.558279139569784,-0.1891834508933439,0.0
16.608304152076037,0.018746358903479726,0.0
16.65832916458229,0.6371959300422532,0.0
16.708354177088545,-0.1687744582658541,0.0
16.758379189594795,-0.6909300930408548,0.0
16.80840420210105,0.9362337215555651,0.0
16.858429214607302,-1.3715808928225632,0.0
16.908454227113555,0.4750549031160715,0.0
16.95847923961981,-0.011587068933094372,0.0
17.008504252126063,0.2474312139460368,0.0
17.058529264632316,0.4068852874725758,0.0
17.10855427713857,-0.8430000633969799,0.0
17.15857928964482,-0.03400631849264813,0.0
17.208604302151073,0.12870784285573578,0.0
17.258629314657327,0.05690388735925767,0.0
17.30865432716358,-2.2746114187132576,0.0
17.358679339669834,1.342263246637107,0.0
17.408704352176088,0.1842120584001747,0.0
17.45872936468234,-0.08822022917345014,0.0
17.508754377188595,0.15287088447167108,0.0
17.558779389694845,0.9052500318170504,0.0
17.6088044022011,-0.06409056695900073,0.0
17.658829414707352,0.052557626423711215,0.0
17.708854427213605,0.43569420067108244,0.0
17.75887943971986,-0.9424567022124255,0.0
17.808904452226113,1.5179931291750284,0.0
17.858929464732366,-0.9319286648073781,0.0
17.90895447723862,-0.5220448177263454,0.0
17.95897948974487,-0.00938882871628554,0.0
18.009004502251123,0.5309057260151093,0.0
18.059029514757377,-0.3738824195450316,0.0
18.10905452726363,0.07171599533128771,0.0
18.159079539769884,0.25864029478926687,0.0
18.209104552276138,0.4453665725739741,0.0
18.25912956478239,-0.13775007462746314,0.0
18.309154577288645,0.5429014103273426,0.0
18.359179589794895,-1.4493188361600042,0.0
18.40920460230115,-0.05018633966198148,0.0
18.459229614807402,-0.08069304843764478,0.0
18.509254627313656,0.19669688989794318,0.0
18.55927963981991,-0.1127275607947728,0.0
18.609304652326163,0.029020319340419043,0.0
18.659329664832416,-0.3823010562073372,0.0
18.70935467733867,0.259986261022648,0.0
18.75937968984492,-0.003846035148702811,0.0
18.809404702351173,-0.08537422568836212,0.0
18.859429714857427,2.1357635090820097,0.0
18.90945472736368,0.6152057268838537,0.0
18.959479739869934,0.0728285878114356,0.0
19.009504752376188,-0.1987502421601392,0.0
19.05952976488244,-0.3654126408229825,0.0
19.109554777388695,0.1952396427052205,0.0
19.159579789894945,-0.7526949107243033,0.0
19.2096048024012,-0.3960308589405752,0.0
19.259629814907452,-1.0232844266468333,0.0
19.309654827413706,2.4324494661259433,0.0
19.35967983991996,-0.2551160352304989,0.0
19.409704852426213,0.26708076186733265,0.0
19.459729864932466,-0.027510573949321625,0.0
19.509754877438716,-0.4128223027326825,0.0
19.55977988994497,-0.5394679844378999,0.0
19.609804902451224,-0.18837832129809795,0.0
19.659829914957477,-0.27981167238568055,0.0
19.70985492746373,-0.502659036625481,0.0
19.759879939969984,1.6932486506427198,0.0
19.809904952476238,-2.1340323723785835,0.0
19.85992996498249,-1.2104125047888674,0.0
19.90995497748874,-0.16597265374985562,0.0
19.959979989994995,0.004145646153541142,0.0
20.01000500250125,-0.8153577273649296,0.0
20.060030015007502,0.28645925891551166,0.0
20.110055027513756,0.5340218074045846,0.0
20.16008004002001,0.06548813814201546,0.0
20.210105052526263,1.143384594273493,0.0
20.260130065032516,-0.6831638156169731,0.0
20.310155077538766,-1.2634879037305549,0.0
20.36018009004502,2.427965854523866,0.0
20.410205102551274,0.2686244314474732,0.0
20.460230115057527,-0.04855258647357491,0.0
20.51025512756378,-0.629544170842815,0.0
20.560280140070034,-0.12972892518539003,0.0
20.610305152576288,0.042958334999838386,0.0
20.66033016508254,-0.15865276239170897,0.0
20.71035517758879,-0.27597772601691056,0.0
20.760380190095045,1.2804384578787336,0.0
20.8104052026013,-0.689526128413266,0.0
20.860430215107552,-0.257320106360018,0.0
20.910455227613806,-0.16676685363460977,0.0
20.96048024012006,0.10479652724938396,0.0
21.010505252626313,-0.10265303341862315,0.0
21.060530265132567,1.00596180593237,0.0
21.110555277638817,-0.19180217734587596,0.0
21.16058029014507,-0.1755571394611347,0.0
21.210605302651324,-0.4551889065547291,0.0
21.260630315157577,0.3342641997077022,0.0
21.31065532766383,0.09990256042526408,0.0
21.360680340170084,-0.1484426005093952,0.0
21.410705352676338,-1.172591452595798,0.0
21.46073036518259,-0.09323145714468475,0.0
21.51075537768884,-0.17250009003184577,0.0
21.560780390195095,0.2784413035028665,0.0
21.61080540270135,0.07992015899405591,0.0
21.660830415207602,-0.28877098331031925,0.0
21.710855427713856,-0.2444542286550919,0.0
21.76088044022011,0.1689505030011547,0.0
21.810905452726363,0.955378033359416,0.0
21.860930465232617,0.45857494443933383,0.0
21.910955477738867,-0.6020667553150499,0.0
21.96098049024512,-0.1977126636245491,0.0
22.011005502751374,0.4201908129003923,0.0
22.061030515257627,-0.27507091141531204,0.0
22.11105552776388,0.27983814569944976,0.0
22.161080540270135,-0.14285206310609383,0.0
22.211105552776388,0.20517162716538315,0.0
22.26113056528264,2.054944245532034,0.0
22.31115557778889,-1.2494452117240522,0.0
22.361180590295145,0.2451633072693281,0.0
22.4112056028014,0.2391454621564139,0.0
22.461230615307652,0.27409368592904026,0.0
22.511255627813906,0.8463053654367884,0.0
22.56128064032016,1.0999583501624939,0.0
22.611305652826413,-0.22382196511283994,0.0
22.661330665332663,-0.10732815512640889,0.0
22.711355677838917,0.4632160156789398,0.0
22.76138069034517,-0.9797517857135875,0.0
22.811405702851424,-0.25257379996509643,0.0
22.861430715357677,-0.12257908751393225,0.0
22.91145572786393,0.22939507190259223,0.0
22.961480740370185,-0.030866880698541377,0.0
23.011505752876438,-0.5369575665977137,0.0
23.061530765382688,0.8130380406993989,0.0
23.11155577788894,-0.41958551150039525,0.0
23.161580790395195,0.26441548410228516,0.0
23.21160580290145,0.2940228791712087,0.0
23.261630815407702,-0.2061092464158579,0.0
23.311655827913956,0.35605882469669803,0.0
23.36168084042021,1.147503241560845,0.0
23.411705852926463,0.4523563913800718,0.0
23.461730865432713,-0.11334603455187443,0.0
23.511755877938967,0.46431782641996266,0.0
23.56178089044522,-0.6542878099061449,0.0
23.611805902951474,0.24124628012682173,0.0
23.661830915457728,-0.11190175973152743,0.0
23.71185592796398,0.6355477234321211,0.0
23.761880940470235,0.5785802216283275,0.0
23.81190595297649,1.102523699712676,0.0
23.86193096548274,-1.408020120693682,0.0
23.911955977988992,0.27198781928807847,0.0
23.961980990495245,-0.018669985932010275,0.0
24.0120060030015,-0.477567827710045,0.0
24.062031015507753,0.26727441292718535,0.0
24.112056028014006,-0.3098500887963741,0.0
24.16208104052026,0.0960473684814106,0.0
24.212106053026513,0.12681300437723353,0.0
24.262131065532763,0.20794278601719415,0.0
24.312156078039017,0.5305019993619404,0.0
24.36218109054527,0.027775742891841468,0.0
24.412206103051524,-1.2926313417139166,0.0
24.462231115557778,-0.011662115157680281,0.0
24.51225612806403,-0.32934844861346857,0.0
24.562281140570285,0.45245709532591943,0.0
24.61230615307654,-0.2550089876334519,0.0
24.66233116558279,-0.4851678558171967,0.0
24.712356178089042,-1.4237422640838993,0.0
24.762381190595296,-0.3796566168706844,0.0
24.81240620310155,1.7453893581791549,0.0
24.862431215607803,0.015944353292423837,0.0
24.912456228114056,-0.7469913506071189,0.0
24.96248124062031,0.0830416491424576,0.0
25.012506253126563,-0.13722531424385528,0.0
25.062531265632813,-0.1008110244593866,0.0
25.112556278139067,0.3492368689793448,0.0
25.16258129064532,-0.6025913247913406,0.0
25.212606303151574,-1.0700351854461034,0.0
25.262631315657828,-1.4709996055560517,0.0
25.31265632816408,1.044577163361405,0.0
25.362681340670335,0.009561410772502795,0.0
25.41270635317659,0.9599593197162342,0.0
25.46273136568284,-0.18546335043305975,0.0
25.512756378189092,0.15203089062528036,0.0
25.562781390695346,-1.0516799281886255,0.0
25.6128064032016,-0.3369393195317535,0.0
25.662831415707853,-0.14942324275515212,0.0
25.712856428214106,-0.007086817575091629,0.0
25.76288144072036,-0.2840050045454276,0.0
25.81290645322661,1.121389411042671,0.0
25.862931465732864,-0.27178177858644015,0.0
25.912956478239117,0.35955790515982644,0.0
25.96298149074537,-0.07231039170106951,0.0
26.013006503251624,0.4028916565662664,0.0
26.063031515757878,0.37138415459215474,0.0
26.11305652826413,-0.5499245256236998,0.0
26.163081540770385,0.4051151287422858,0.0
26.213106553276635,-0.27307847364043225,0.0
26.26313156578289,-0.30411472575581866,0.0
26.313156578289142,0.5995291601827687,0.0
26.363181590795396,-0.10853571424806506,0.0
26.41320660330165,-0.4618161071281616,0.0
26.463231615807903,0.08600581171178162,0.0
26.513256628314156,0.4017944374740126,0.0
26.56328164082041,0.18692728112848775,0.0
26.61330665332666,0.2434295899858267,0.0
26.663331665832914,0.5064356980653221,0.0
26.713356678339167,-0.1765062478223165,0.0
26.76338169084542,-0.44048638584929894,0.0
26.813406703351674,1.0150247362501383,0.0
26.863431715857928,0.8041907823478082,0.0
26.91345672836418,0.1296075802589366,0.0
26.963481740870435,0.10279600679639542,0.0
27.013506753376685,-0.8306454527827701,0.0
27.06353176588294,-0.8069537031123706,0.0
27.113556778389192,0.2874712256271576,0.0
27.163581790895446,-0.4845375718975758,0.0
27.2136068034017,0.7556023381459291,0.0
27.263631815907953,-0.4636653892022757,0.0
27.313656828414207,-0.7383462681438767,0.0
27.36368184092046,2.0075768456254326,0.0
27.41370685342671,0.40379449154600744,0.0
27.463731865932964,-0.016768401032735414,0.0
27.513756878439217,-0.37285653847325345,0.0
27.56378189094547,0.07305322737600034,0.0
27.613806903451724,-0.004696393833035848,0.0
27.663831915957978,0.08450038428163995,0.0
27.71385692846423,0.9760095071935971,0.0
27.763881940970485,0.1429292089855013,0.0
27.813906953476735,0.6593812883614122,0.0
27.86393196598299,-0.8137802103593608,0.0
27.913956978489242,0.5431128642402805,0.0
27.963981990995496,0.08684591383871562,0.0
28.01400700350175,0.04564194961900874,0.0
28.064032016008003,-0.09797869513592768,0.0
28.114057028514257,-0.7275622615058146,0.0
28.16408204102051,0.3186010937228342,0.0
28.21410705352676,0.3115002232890493,0.0
28.264132066033014,0.07975798608102504,0.0
28.314157078539267,0.6242344889935173,0.0
28.36418209104552,2.8614215278192194,0.0
28.414207103551774,-0.03655843071025991,0.0
28.464232116058028,-0.21964343790153676,0.0
28.51425712856428,0.925786462152288,0.0
28.564282141070535,0.08222311143062315,0.0
28.614307153576785,-0.5088469405938197,0.0
28.66433216608304,0.35289068165626675,0.0
28.714357178589292,-0.01945113032075785,0.0
28.764382191095546,1.0292834803111268,0.0
28.8144072036018,-1.4216621375543497,0.0
28.864432216108053,1.1367560904027472,0.0
28.914457228614307,0.3895528530485011,0.0
28.964482241120557,-0.19394603925680623,0.0
29.01450725362681,-0.9550845101837583,0.0
29.064532266133064,0.7688012545022155,0.0
29.114557278639317,0.042121131232718,0.0
29.16458229114557,-0.06644534027054974,0.0
29.214607303651825,1.558474549481645,0.0
29.264632316158078,-0.24207393474784156,0.0
29.31465732866433,-0.579852140428429,0.0
29.36468234117058,1.3500381106646302,0.0
29.414707353676835,0.5235061811635624,0.0
29.46473236618309,0.16128649788737834,0.0
29.514757378689342,-0.23441146195952434,0.0
29.564782391195596,0.569222981110628,0.0
29.61480740370185,-0.018331624386490913,0.0
29.664832416208103,-0.3920295808752339,0.0
29.714857428714357,-1.9201010356422281,0.0
29.764882441220607,0.1962760418011888,0.0
29.81490745372686,0.5046045946663876,0.0
29.864932466233114,-0.1273765523064994,0.0
29.914957478739368,0.36255834622108835,0.0
29.96498249124562,0.009069177499388691,0.0
30.015007503751875,-0.3689878241825788,0.0
30.06503251625813,0.7465905801350881,0.0
30.115057528764382,0.2171702786689941,0.0
30.165082541270632,-0.5546885264616049,0.0
30.215107553776885,0.3877536188998689,0.0
30.26513256628314,1.80959261064629,0.0
30.315157578789393,0.6210524467134959,0.0
30.365182591295646,0.7520306544490184,0.0
30.4152076038019,0.29483626171023997,0.0
30.465232616308153,0.23304781528543855,0.0
30.515257628814407,-0.4602442318809441,0.0
30.565282641320657,1.5321756001481819,0.0
30.61530765382691,0.27835493566190384,0.0
30.665332666333164,0.9403144394069152,0.0
30.715357678839418,-0.7713986566296863,0.0
30.76538269134567,-0.8517818402133459,0.0
30.815407703851925,-0.2096684114355726,0.0
30.86543271635818,-0.25152825168037946,0.0
30.915457728864432,0.6789388103880792,0.0
30.965482741370682,-0.06869273266848025,0.0
31.015507753876935,-0.02374130497430445,0.0
31.06553276638319,-0.5915658299798671,0.0
31.115557778889443,-0.1145797899704716,0.0
31.165582791395696,-0.2821710975118751,0.0
31.21560780390195,-0.33114436082832377,0.0
31.265632816408203,-0.14255149164946157,0.0
31.315657828914457,-0.7370544887827865,0.0
31.365682841420707,-0.3786384475715588,0.0
31.41570785392696,-0.79358281072942,0.0
31.465732866433214,0.024351421092159504,0.0
31.515757878939468,-0.047180616016149875,0.0
31.56578289144572,-0.5677191653350888,0.0
31.615807903951975,-0.44610061982260374,0.0
31.66583291645823,-0.28551909283505766,0.0
31.715857928964482,-0.18427559137821067,0.0
31.765882941470732,0.5926657615379934,0.0
31.815907953976986,1.2285475385154998,0.0
31.86593296648324,2.621328771969817,0.0
31.915957978989493,-0.6739317461568743,0.0
31.965982991495746,0.07216396926549024,0.0
32.016008004001996,0.3008752207915997,0.0
32.06603301650825,0.08745046996156104,0.0
32.1160580290145,-0.7973189784280622,0.0
32.16608304152076,0.37367617595014235,0.0
32.21610805402701,-0.04908733849589102,0.0
32.266133066533264,-1.350126804098326,0.0
32.31615807903952,-3.190462283433909,0.0
32.36618309154577,0.5481842562180328,0.0
32.416208104052025,0.159437164925292,0.0
32.46623311655828,0.15177282463609332,0.0
32.51625812906453,-0.5272756856854587,0.0
32.566283141570786,-0.04293545690494298,0.0
32.61630815407704,0.04559024717621648,0.0
32.66633316658329,-0.49385820873682507,0.0
32.71635817908954,-0.33810614694792596,0.0
32.76638319159579,0.46675269496169647,0.0
32.816408204102046,0.9389744099439312,0.0
32.8664332166083,-0.1794742420787791,0.0
32.91645822911455,0.2966767145196868,0.0
32.96648324162081,0.09438438693655968,0.0
33.01650825412706,-0.5240072536387339,0.0
33.066533266633314,-0.2706214455020929,0.0
33.11655827913957,0.0026389320415456494,0.0
33.16658329164582,0.5781497569250492,0.0
33.216608304152075,0.33271892753068927,0.0
33.26663331665833,0.5867159071798869,0.0
33.31665832916458,1.5916668096253233,0.0
33.366683341670836,0.3711511275390215,0.0
33.41670835417709,-0.6587013156694251,0.0
33.46673336668334,-0.29536093598851226,0.0
33.51675837918959,-0.06977821138630379,0.0
33.56678339169584,-0.13972514140367207,0.0
33.6168084042021,-0.036751610415493165,0.0
33.66683341670835,0.2987464469860062,0.0
33.716858429214604,-0.030268510687176668,0.0
33.76688344172086,-0.7106104754914558,0.0
33.81690845422711,1.767993072828544,0.0
33.866933466733364,0.4091543268437217,0.0
33.91695847923962,0.2799028868136548,0.0
33.96698349174587,-0.16681072839733543,0.0
34.017008504252125,0.06956059649200885,0.0
34.06703351675838,0.5053291595052624,0.0
34.11705852926463,0.3031124707080524,0.0
34.167083541770886,0.12182173143781849,0.0
34.21710855427714,-0.9302670809071224,0.0
34.26713356678339,-0.6429498023413159,0.0
34.31715857928964,2.1145142343950405,0.0
34.36718359179589,1.014784119481907,0.0
34.41720860430215,0.02793466718186133,0.0
34.4672336168084,0.12124988287066084,0.0
34.517258629314654,-0.2647029604584883,0.0
34.56728364182091,1.176282261844406,0.0
34.61730865432716,0.2826780728170455,0.0
34.667333666833414,-0.2868996815496965,0.0
34.71735867933967,0.20047687324174326,0.0
34.76738369184592,0.08578296996815821,0.0
34.817408704352175,-1.675240716979024,0.0
34.86743371685843,0.7317225545913965,0.0
34.91745872936468,0.03168113161846017,0.0
34.967483741870936,0.12221207576529429,0.0
35.01750875437719,-0.5511922300863865,0.0
35.06753376688344,0.0043672833740761256,0.0
35.11755877938969,-0.4448599585770208,0.0
35.16758379189594,-0.20709052916140894,0.0
35.2176088044022,0.5825272592948598,0.0
35.26763381690845,1.1484930144840304,0.0
35.317658829414704,-1.1534264530343352,0.0
35.36768384192096,-0.2723298787083195,0.0
35.41770885442721,-0.4546571910703402,0.0
35.467733866933465,0.03257919446162658,0.0
35.51775887943972,-0.06819737478992866,0.0
35.56778389194597,-1.0026927987377066,0.0
35.617808904452225,0.11244179718275434,0.0
35.66783391695848,0.053893024080535486,0.0
35.71785892946473,0.6832145831748114,0.0
35.767883941970986,-2.685783872030555,0.0
35.81790895447724,-0.2601272145799979,0.0
35.867933966983486,2.5721589620636003,0.0
35.91795897948974,0.23549267498446047,0.0
35.96798399199599,-0.15267448863106042,0.0
36.01800900450225,-0.2567252826524641,0.0
36.0680340170085,-0.7091411574694921,0.0
36.118059029514754,-0.11789299501607345,0.0
36.16808404202101,0.016837750271818247,0.0
36.21810905452726,0.15214186965773976,0.0
36.268134067033515,-0.228821823324177,0.0
36.31815907953977,-0.7988105082680649,0.0
36.36818409204602,1.1675583729982524,0.0
36.418209104552275,-0.22632434142380584,0.0
36.46823411705853,0.10408371565198289,0.0
36.51825912956478,-1.107405579365737,0.0
36.568284142071036,0.11476525695574506,0.0
36.61830915457729,0.183125149166593,0.0
36.668334167083536,0.030665915427408423,0.0
36.71835917958979,-1.424437878607583,0.0
36.76838419209604,-0.27871317683561175,0.0
36.8184092046023,0.5274758135846772,0.0
36.86843421710855,-0.5673109087904844,0.0
36.918459229614804,0.2145501808640263,0.0
36.96848424212106,-0.09632667874603594,0.0
37.01850925462731,0.4199226363081286,0.0
37.068534267133565,-0.6871556275274748,0.0
37.11855927963982,-0.21917864612773263,0.0
37.16858429214607,-0.3839842210319616,0.0
37.218609304652325,0.3506405515819006,0.0
37.26863431715858,1.3801848901972875,0.0
37.31865932966483,-0.2579569857160179,0.0
37.368684342171086,-0.8028269154812196,0.0
37.41870935467734,0.9857017032229598,0.0
37.468734367183586,-0.10780755738337021,0.0
37.51875937968984,0.44628899423884255,0.0
37.56878439219609,-0.24860978877722392,0.0
37.61880940470235,-0.13899186211702655,0.0
37.6688344172086,0.5190061357320254,0.0
37.718859429714854,-0.0784885378398167,0.0
37.76888444222111,1.1031520064501072,0.0
37.81890945472736,0.5562349962562585,0.0
37.868934467233615,-0.5851632327004448,0.0
37.91895947973987,-0.10972514740392578,0.0
37.96898449224612,0.4631879177657185,0.0
38.019009504752376,-1.5610250500596035,0.0
38.06903451725863,-0.33131937149236296,0.0
38.11905952976488,-0.29918389127532463,0.0
38.169084542271136,-0.11212312617030114,0.0
38.21910955477739,-0.9031864873073089,0.0
38.269134567283636,-2.025722511655541,0.0
38.31915957978989,2.1234579574175187,0.0
38.36918459229614,0.022909819419857088,0.0
38.4192096048024,-0.7541264675003623,0.0
38.46923461730865,0.02525022768620342,0.0
38.519259629814904,-0.5603087495270779,0.0
38.56928464232116,0.47500450134381594,0.0
38.61930965482741,0.15502899862987762,0.0
38.669334667333665,0.2531131153859556,0.0
38.71935967983992,-0.5747757461197115,0.0
38.76938469234617,0.26421215303062795,0.0
38.819409704852426,1.2321849178054385,0.0
38.86943471735868,-0.31500727639666737,0.0
38.91945972986493,-0.4952877708144329,0.0
38.969484742371186,-0.0035071772124975926,0.0
39.01950975487743,0.8377079215337742,0.0
39.069534767383686,1.260500442528076,0.0
39.11955977988994,0.7922543796168349,0.0
39.16958479239619,-0.2935963576202987,0.0
39.21960980490245,0.6131553715016945,0.0
39.2696348174087,0.17403543819843426,0.0
39.319659829914954,0.44674406760652174,0.0
39.36968484242121,0.2774327240945504,0.0
39.41970985492746,1.0660204224966174,0.0
39.469734867433715,-0.31623060736829905,0.0
39.51975987993997,-0.35193709462693207,0.0
39.56978489244622,-0.9645788189894063,0.0
39.619809904952476,0.9341479794193681,0.0
39.66983491745873,0.05078199124552369,0.0
39.71985992996498,-0.4440247079069171,0.0
39.769884942471236,-0.021666312759969344,0.0
39.81990995497748,2.7011695404827765,0.0
39.869934967483736,-0.28824872915657007,0.0
39.91995997998999,-0.4455363582698413,0.0
39.969984992496244,0.15036845904226118,0.0
40.0200100050025,0.46757726691756424,0.0
40.07003501750875,-0.4639009743903188,0.0
40.120060030015004,-0.08748378708017521,0.0
40.17008504252126,0.030377170134180582,0.0
40.22011005502751,-0.8334478734487921,0.0
40.270135067533765,0.33424388977413405,0.0
40.32016008004002,-0.332908676713023,0.0
40.37018509254627,0.9371129157637156,0.0
40.420210105052526,0.5395739780646236,0.0
40.47023511755878,0.34527177554103955,0.0
40.52026013006503,0.343424048278463,0.0
40.57028514257129,0.3107225854043925,0.0
40.62031015507753,-0.1546039513207534,0.0
40.67033516758379,-0.065148488484583,0.0
40.72036018009004,1.2330454103191408,0.0
40.770385192596294,-0.33304429171806116,0.0
40.82041020510255,-1.4592013769135348,0.0
40.8704352176088,0.5681300636782587,0.0
40.920460230115054,-0.3142502744279018,0.0
40.97048524262131,-0.0302434071281548,0.0
41.02051025512756,-0.1319824783527084,0.0
41.070535267633815,0.4930366651088834,0.0
41.12056028014007,-0.20613371384562934,0.0
41.17058529264632,-0.21189856898426396,0.0
41.220610305152576,0.6670104662342254,0.0
41.27063531765883,0.48445641602695794,0.0
41.32066033016508,-1.6359078495363966,0.0
41.37068534267134,-0.7551357261949742,0.0
41.42071035517758,0.5273185636141745,0.0
41.47073536768384,-0.011725475645481915,0.0
41.52076038019009,-0.6702991746572405,0.0
41.570785392696344,-0.2273678679375614,0.0
41.6208104052026,0.2093867458889844,0.0
41.67083541770885,0.27317185707766456,0.0
41.720860430215104,0.6163418892034611,0.0
41.77088544272136,-0.3712527519272269,0.0
41.82091045522761,-0.9143502985330044,0.0
41.870935467733865,0.35574625880550764,0.0
41.92096048024012,0.5773789089687102,0.0
41.97098549274637,0.2850138483921961,0.0
42.021010505252626,0.38172442923637767,0.0
42.07103551775888,-0.5841895046359505,0.0
42.12106053026513,-0.1209773045346223,0.0
42.17108554277138,0.45976390369300774,0.0
42.22111055527763,-0.0012400356416898196,0.0
42.27113556778389,2.763824275383311,0.0
42.32116058029014,2.418231737971994,0.0
42.371185592796394,-1.8576372869021283,0.0
42.42121060530265,-0.13138273330688913,0.0
42.4712356178089,0.27791150238009144,0.0
42.521260630315155,0.18733554468188388,0.0
42.57128564282141,-0.029249357217333367,0.0
42.62131065532766,-0.4098304153081728,0.0
42.671335667833915,0.009971819869073294,0.0
42.72136068034017,0.31389667354097506,0.0
42.77138569284642,0.7810365570018436,0.0
42.821410705352676,2.2508407369182035,0.0
42.87143571785893,-1.3263281948319576,0.0
42.92146073036518,0.20020773466985853,0.0
42.97148574287143,0.15790018365589367,0.0
43.02151075537768,0.020194562763381628,0.0
43.07153576788394,-0.025383154976004248,0.0
43.12156078039019,0.2704574112274545,0.0
43.171585792896444,0.18996100185326317,0.0
43.2216108054027,1.3632781042737778,0.0
43.27163581790895,1.0051602946540898,0.0
43.321660830415205,0.29784816328101915,0.0
43.37168584292146,-2.5012608590033687,0.0
43.42171085542771,0.8261124422984143,0.0
43.471735867933965,-0.1472040840042122,0.0
43.52176088044022,0.6909181133673244,0.0
43.57178589294647,-0.42091550487164864,0.0
43.621810905452726,0.2506385801232424,0.0
43.67183591795898,-1.0812169122294557,0.0
43.72186093046523,-0.11346990006565663,0.0
43.77188594297148,1.2064535545220287,0.0
43.82191095547773,-0.5282300234954838,0.0
43.87193596798399,-2.3200752775872204,0.0
43.92196098049024,-0.05597742459469816,0.0
43.971985992996494,-0.17053151320821985,0.0
44.02201100550275,-0.024572518655054127,0.0
44.072036018009,1.6169832440247305,0.0
44.122061030515255,-0.12962163945282035,0.0
44.17208604302151,0.1917255941373641,0.0
44.22211105552776,-0.07304925584870108,0.0
44.272136068034015,0.7160225478959528,0.0
44.32216108054027,-1.1622343734279048,0.0
44.37218609304652,1.6173677668268802,0.0
44.422211105552776,-0.18536155619007944,0.0
44.47223611805903,0.2953591585683751,0.0
44.52226113056528,-0.1180169281892537,0.0
44.57228614307153,0.7192749926690166,0.0
44.62231115557778,0.37562223855565036,0.0
44.67233616808404,0.38556602051838323,0.0
44.72236118059029,0.390894634604107,0.0
44.772386193096544,-0.9762256210095213,0.0
44.8224112056028,0.7908519004498038,0.0
44.87243621810905,0.2015291777398396,0.0
44.922461230615305,-0.09403477798994617,0.0
44.97248624312156,0.05533638604983545,0.0
45.02251125562781,0.3969204864482163,0.0
45.072536268134066,-0.17131062702816613,0.0
45.12256128064032,0.4973226778519744,0.0
45.17258629314657,-0.629519386497126,0.0
45.222611305652826,-0.444910735334162,0.0
45.27263631815908,1.060726734505675,0.0
45.322661330665326,1.887329087304168,0.0
45.37268634317158,0.11387915029174961,0.0
45.42271135567783,-0.48410035754593816,0.0
45.47273636818409,0.10429492044851538,0.0
45.52276138069034,0.9465358561373177,0.0
45.572786393196594,-1.0339509448741295,0.0
45.62281140570285,0.1390768583819721,0.0
45.6728364182091,0.15207386260806247,0.0
45.722861430715355,1.0562665429592921,0.0
45.77288644322161,0.4240047559062027,0.0
45.82291145572786,0.08436288932937847,0.0
45.872936468234116,0.03398495555724562,0.0
45.92296148074037,-0.2402180265502936,0.0
45.97298649324662,0.25953534055532795,0.0
46.023011505752876,-0.44034834381025906,0.0
46.07303651825913,-0.8320434613096009,0.0
46.123061530765376,-0.41073573080662923,0.0
46.17308654327163,0.14682449028843927,0.0
46.22311155577788,-0.1981710669158907,0.0
46.27313656828414,-0.39655578647121864,0.0
46.32316158079039,0.05180948977862839,0.0
46.373186593296644,-1.8677655289881336,0.0
46.4232116058029,0.03919694974018568,0.0
46.47323661830915,0.016430390284426666,0.0
46.523261630815405,0.741760105531846,0.0
46.57328664332166,0.09760154188925282,0.0
46.62331165582791,-0.30627307022187916,0.0
46.673336668334166,-0.6565219362579984,0.0
46.72336168084042,0.9583437233168042,0.0
46.77338669334667,-1.6576838977993156,0.0
46.823411705852926,1.0900113142043892,0.0
46.87343671835918,0.6789941079589799,0.0
46.92346173086543,0.36860039735416733,0.0
46.97348674337168,-0.39588040012220804,0.0
47.023511755877934,-0.39290246763091186,0.0
47.07353676838419,-0.07684424349327026,0.0
47.12356178089044,0.3400148878265322,0.0
47.173586793396694,-0.07919793956256876,0.0
47.22361180590295,0.519250022730723,0.0
47.2736368184092,0.9191827153373053,0.0
47.323661830915455,-1.5435790022225144,0.0
47.37368684342171,2.2979643625685666,0.0
47.42371185592796,-0.14158974100224722,0.0
47.473736868434216,0.08594119464094747,0.0
47.52376188094047,-0.5745367856423614,0.0
47.57378689344672,0.48358481419696003,0.0
47.62381190595298,-0.08024598400938245,0.0
47.67383691845923,-0.24031775844352662,0.0
47.72386193096548,-0.6532405700158157,0.0
47.77388694347173,-0.7318042434516963,0.0
47.823911955977984,1.375949098717743,0.0
47.87393696848424,1.0882931540218206,0.0
47.92396198099049,0.17914230580134727,0.0
47.973986993496744,0.3334882612592934,0.0
48.024012006003,1.1753449668501728,0.0
48.07403701850925,0.784348918289167,0.0
48.124062031015505,-0.15193726766579063,0.0
48.17408704352176,0.6541169905673252,0.0
48.22411205602801,0.3528112570579222,0.0
48.274137068534266,1.207891446900556,0.0
48.32416208104052,1.3945349210356175,0.0
48.37418709354677,0.29828276466933984,0.0
48.42421210605303,-0.39068403725945594,0.0
48.47423711855927,-0.21658001770905888,0.0
48.52426213106553,0.5004594425676376,0.0
48.57428714357178,0.08275780380399644,0.0
48.624312156078034,-0.42384954948037123,0.0
48.67433716858429,-0.44162471234334016,0.0
48.72436218109054,1.3106984530454826,0.0
48.774387193596795,-1.9360584520518302,0.0
48.82441220610305,2.023516117787454,0.0
48.8744372186093,1.707871545716213,0.0
48.924462231115555,-0.27821788232108835,0.0
48.97448724362181,0.16005290481282206,0.0
49.02451225612806,0.3933070633974731,0.0
49.074537268634316,0.3592325612826118,0.0
49.12456228114057,0.07027936424796477,0.0
49.17458729364682,-0.5042302666884392,0.0
49.22461230615308,0.4275978514526302,0.0
49.27463731865932,0.21576989107158848,0.0
49.32466233116558,-0.8360446764330746,0.0
49.37468734367183,-2.761522089808358,0.0
49.424712356178084,0.2375133618261565,0.0
49.47473736868434,0.007371557544295416,0.0
49.52476238119059,-1.1367455570267244,0.0
49.574787393696845,-0.36676244846279593,0.0
49.6248124062031,0.49400228028682863,0.0
49.67483741870935,0.15266802065603485,0.0
49.724862431215605,-1.3258780751020645,0.0
49.77488744372186,0.2529383509896992,0.0
49.82491245622811,-0.7743254457141557,0.0
49.874937468734366,-0.504507390884752,0.0
49.92496248124062,-0.7711174534450708,0.0
49.97498749374687,-0.004260822742759947,0.0
50.02501250625313,1.0017481569483029,0.0
50.07503751875937,-0.011096454839585133,0.0
50.12506253126563,-0.27690864443360014,0.0
50.17508754377188,-0.2776175181777708,0.0
50.225112556278134,0.1492297138937735,0.0
50.27513756878439,1.610817574066687,0.0
50.32516258129064,0.5957043630887243,0.0
50.375187593796895,-0.20299102710274053,0.0
50.42521260630315,0.4486345422553338,0.0
50.4752376188094,0.034251581306846024,0.0
50.525262631315655,0.7995011290327289,0.0
50.57528764382191,-0.2755445759661519,0.0
50.62531265632816,-0.3745499876667216,0.0
50.675337668834416,-0.2562953793602514,0.0
50.72536268134067,-0.6099938555433477,0.0
50.77538769384692,0.04661855015566477,0.0
50.82541270635318,4.2118248498077095,0.0
50.87543771885942,1.8802919760011776,0.0
50.92546273136568,0.09960275269056987,0.0
50.97548774387193,0.14122957635874975,0.0
51.025512756378184,0.9616088952637967,0.0
51.07553776888444,-0.6564902604424487,0.0
51.12556278139069,-0.4078221497763708,0.0
51.175587793896945,0.2313518926895076,0.0
51.2256128064032,0.050481309318520635,0.0
51.27563781890945,0.3457339583238015,0.0
51.325662831415706,-1.2928347387538686,0.0
51.37568784392196,2.9100796234065753,0.0
51.42571285642821,-0.06032459478960192,0.0
51.475737868934466,-0.22618610674581835,0.0
51.52576288144072,0.43170094608891296,0.0
51.57578789394697,-0.3374757554851065,0.0
51.62581290645322,-0.3945213831184738,0.0
51.67583791895947,-0.8781904486205132,0.0
51.72586293146573,1.591697146345825,0.0
51.77588794397198,1.8333785589992266,0.0
51.825912956478234,-0.250473452702136,0.0
51.87593796898449,0.24572281910212992,0.0
51.92596298149074,0.1831124284533879,0.0
51.975987993996995,0.38993536885912516,0.0
52.02601300650325,0.2983817376398256,0.0
52.0760380190095,-0.8579009933520186,0.0
52.126063031515756,-0.173404608308933,0.0
52.17608804402201,0.039468720779721175,0.0
52.22611305652826,-0.31048293144027556,0.0
52.276138069034516,0.4206413323600887,0.0
52.32616308154077,-2.0718000569112074,0.0
52.37618809404702,0.0027677738732258136,0.0
52.42621310655327,0.9128950080691186,0.0
52.47623811905952,0.3561331122534475,0.0
52.52626313156578,0.05014426155244912,0.0
52.57628814407203,0.27565991247731014,0.0
52.626313156578284,-0.5017515757115707,0.0
52.67633816908454,-0.45854969018902,0.0
52.72636318159079,-0.3443892017950237,0.0
52.776388194097045,-0.9673490955963946,0.0
52.8264132066033,-0.7621223035014199,0.0
52.87643821910955,0.6972437368346122,0.0
52.926463231615806,-0.2977094629639722,0.0
52.97648824412206,0.15259838969467907,0.0
53.02651325662831,0.6199070131228873,0.0
53.076538269134566,0.8646484337345817,0.0
53.12656328164082,0.031759069694094165,0.0
53.176588294147074,-0.018063679936005533,0.0
53.22661330665332,0.2795000236245141,0.0
53.276638319159574,1.2838987175431946,0.0
53.32666333166583,-0.7476639252460618,0.0
53.37668834417208,-0.1121930020470513,0.0
53.426713356678334,0.08949538937476448,0.0
53.47673836918459,-0.11111858549641894,0.0
53.52676338169084,0.7794189363082458,0.0
53.576788394197095,-0.799357352309304,0.0
53.62681340670335,0.43116864031452584,0.0
53.6768384192096,0.49525654361214366,0.0
53.726863431715856,0.4634248474507474,0.0
53.77688844422211,-0.2500380780995133,0.0
53.82691345672836,-2.1604524744302505,0.0
53.87693846923462,0.8368274698866389,0.0
53.92696348174087,-0.3524441448899777,0.0
53.976988494247124,-0.26467688290163877,0.0
54.02701350675337,-0.45605893889463417,0.0
54.077038519259624,0.9932571033691291,0.0
54.12706353176588,0.5263471779987727,0.0
54.17708854427213,-0.12952011616350212,0.0
54.227113556778384,1.073409899759544,0.0
54.27713856928464,1.8392790831857855,0.0
54.32716358179089,-0.28033443891081444,0.0
54.377188594297145,-1.2372455802172093,0.0
54.4272136068034,0.09413484171224218,0.0
54.47723861930965,0.2588166164628212,0.0
54.527263631815906,0.44435149188253453,0.0
54.57728864432216,0.7940268490064882,0.0
54.62731365682841,-0.4611176471552405,0.0
54.67733866933467,0.2905293743747458,0.0
54.72736368184092,1.042435890162091,0.0
54.77738869434717,-1.6616249986481635,0.0
54.82741370685342,-1.093876066204772,0.0
54.877438719359674,-0.7970258243490577,0.0
54.92746373186593,0.14901011315256443,0.0
54.97748874437218,0.4957977763827634,0.0
55.027513756878434,-0.8578145090130493,0.0
55.07753876938469,0.6347794095910948,0.0
55.12756378189094,0.3746824855401319,0.0
55.177588794397195,0.03521397533584742,0.0
55.22761380690345,0.15798927176615296,0.0
55.2776388194097,-0.5258334679035609,0.0
55.327663831915956,-0.13674040329116577,0.0
55.37768884442221,0.8350466183365783,0.0
55.42771385692846,0.23486306040196883,0.0
55.47773886943472,0.2916930261756973,0.0
55.52776388194097,-0.8325200750851273,0.0
55.57778889444722,-0.9075520430127348,0.0
55.62781390695347,-0.092924088801024,0.0
55.677838919459724,0.29180025384733843,0.0
55.72786393196598,-0.8347699886788098,0.0
55.77788894447223,0.03953813017055386,0.0
55.827913956978485,1.5906930639859278,0.0
55.87793896948474,-1.8192173594848713,0.0
55.92796398199099,0.32614508833395445,0.0
55.977988994497245,0.013016930216521698,0.0
56.0280140070035,0.34542200487111835,0.0
56.07803901950975,1.0458294471092993,0.0
56.128064032016006,0.7535961094853015,0.0
56.17808904452226,0.31175323747405276,0.0
56.22811405702851,-1.0724458232069916,0.0
56.27813906953477,-0.6490846637814821,0.0
56.32816408204102,0.12692812292683378,0.0
56.37818909454727,2.1369751825088903,0.0
56.42821410705352,0.3722243289397449,0.0
56.478239119559774,-0.28435695441879627,0.0
56.52826413206603,-0.5790763373952936,0.0
56.57828914457228,0.6111221399000686,0.0
56.628314157078535,0.6342566541854837,0.0
56.67833916958479,0.6063727037628959,0.0
56.72836418209104,-0.4617541607928743,0.0
56.778389194597295,-0.061905706474456236,0.0
56.82841420710355,-0.11022790290625663,0.0
56.8784392196098,0.5866029297093157,0.0
56.928464232116056,-0.12408282246120682,0.0
56.97848924462231,0.06580741318256435,0.0
57.02851425712856,-1.6452489319141164,0.0
57.07853926963482,-0.33295550905753857,0.0
57.12856428214107,0.40952208224715875,0.0
57.17858929464732,0.35229497694421125,0.0
57.22861430715357,0.23639398194084174,0.0
57.278639319659824,0.7398440029804301,0.0
57.32866433216608,-1.130386268478726,0.0
57.37868934467233,1.8475251741440664,0.0
57.428714357178585,-0.07407505682267092,0.0
57.47873936968484,0.08601099275078208,0.0
57.52876438219109,0.41953658604409716,0.0
57.578789394697345,-0.20116972641157152,0.0
57.6288144072036,0.126792720937394,0.0
57.67883941970985,0.19457856681822622,0.0
57.728864432216106,-0.4149118671055374,0.0
57.77888944472236,1.802692120957652,0.0
57.82891445722861,-0.8136994011181902,0.0
57.87893946973487,1.0405000535535407,0.0
57.92896448224111,0.04978339014931179,0.0
57.97898949474737,-0.15661313735409096,0.0
58.02901450725362,-0.6678745127644479,0.0
58.079039519759874,0.30036421454820134,0.0
58.12906453226613,-0.06417172876028965,0.0
58.17908954477238,0.15452146589924454,0.0
58.229114557278635,-0.7618600632938792,0.0
58.27913956978489,-0.2545822714464477,0.0
58.32916458229114,1.4967307910976033,0.0
58.379189594797396,0.3740165708914754,0.0
58.42921460730365,0.4329716762395227,0.0
58.4792396198099,-0.008135062582314233,0.0
58.529264632316156,1.0995383430891479,0.0
58.57928964482241,-0.9849282259710777,0.0
58.62931465732866,0.2726044723219916,0.0
58.67933966983492,0.02015048792520968,0.0
58.72936468234116,0.31502596079160594,0.0
58.77938969484742,0.68117153739908,0.0
58.82941470735367,-0.45325892690719755,0.0
58.879439719859924,0.8033813327590844,0.0
58.92946473236618,-0.118543194013514,0.0
58.97948974487243,0.10027601632981968,0.0
59.029514757378685,-1.7011512158823643,0.0
59.07953976988494,0.4765717708392174,0.0
59.12956478239119,0.5436940451751532,0.0
59.179589794897446,0.18130611895596413,0.0
59.2296148074037,1.0427925705967402,0.0
59.27963981990995,0.5255929322810838,0.0
59.329664832416206,-0.48411804870742997,0.0
59.37968984492246,0.40150543832901847,0.0
59.42971485742871,0.22929478761417438,0.0
59.47973986993497,0.20611367442998837,0.0
59.529764882441214,-0.7976768758908045,0.0
59.57978989494747,-0.01252385760456525,0.0
59.62981490745372,-0.5258802172857413,0.0
59.679839919959974,0.14418632556769018,0.0
59.72986493246623,-0.10785820940667726,0.0
59.77988994497248,-1.4358411616167839,0.0
59.829914957478735,-2.6126732658317766,0.0
59.87993996998499,1.710580997295503,0.0
59.92996498249124,-0.36715604084274056,0.0
59.979989994997496,0.24783051962297825,0.0
60.03001500750375,-1.1325240651759465,0.0
60.08004002001,-0.2950662483458898,0.0
60.13006503251626,0.45888338490945435,0.0
60.18009004502251,-0.6892660056383278,0.0
60.230115057528764,-0.23771671165721295,0.0
60.28014007003502,-0.21404338442852386,0.0
60.330165082541264,1.659236824887408,0.0
60.38019009504752,0.6782053714580335,0.0
60.43021510755377,0.039824930295350155,2.8e-322
60.480240120060024,-0.05758737775003446,2.71128e-318
60.53026513256628,0.38674964638084885,2.5643544295e-314
60.58029014507253,-0.7727536830455993,2.28990492558197e-310
60.630315157578785,-0.37994614605774735,1.9305882942816146e-306
60.68034017008504,0.3522543780916654,1.5367198543623473e-302
60.73036518259129,-0.11126901822577515,1.1548685447025583e-298
60.780390195097546,2.235289724879506,8.194136970516908e-295
60.8304152076038,-0.1230963517634942,5.4891702671614465e-291
60.88044022011005,0.1419955432885538,3.471706493498773e-287
60.93046523261631,0.20627530869967392,2.0730611729254484e-283
60.98049024512256,-0.16854208797570228,1.168729617775175e-279
61.030515257628814,0.3882226089863687,6.22083666750344e-276
61.08054027013506,0.2620425745305528,3.126197158350508e-272
61.130565282641314,0.8076729122849411,1.4832581578612326e-268
61.18059029514757,1.1001623964018519,6.644310868762493e-265
61.23061530765382,1.093951789351519,2.810062362836599e-261
61.280640320160074,-0.7923408308914837,1.122056663216232e-257
61.33066533266633,1.8210035977669474,4.2300591127765795e-254
61.38069034517258,-0.4334933024370592,1.505604486509779e-250
61.430715357678835,0.013849996659960317,5.059506759207311e-247
61.48074037018509,0.3336649805474246,1.6052337311067032e-243
61.53076538269134,-0.5257401417755999,4.808406661496522e-240
61.580790395197596,-0.579410287944095,1.3598685180007452e-236
61.63081540770385,-0.24809530354678477,3.630993450739577e-233
61.6808404202101,0.015572196956720633,9.153492455694624e-230
61.73086543271636,0.33576750553867846,2.1786175947318655e-226
61.78089044522261,0.9423695611024822,4.8956233998040854e-223
61.830915457728864,0.6096098162437873,1.0386466234160386e-219
61.88094047023511,0.35201846181389834,2.0804651325428902e-216
61.930965482741364,0.13881017149032793,3.9344668106789044e-213
61.98099049524762,-0.21459210900676637,7.024964713098261e-210
62.03101550775387,-0.5772543598611168,1.1842277248288055e-206
62.081040520260125,0.7793482809168846,1.8847732886324045e-203
62.13106553276638,0.4884642747015438,2.8321472426402577e-200
62.18109054527263,-0.3396178907372184,4.017957652088723e-197
62.231115557778885,-1.4280552178780828,5.381801782591406e-194
62.28114057028514,1.7466037650533597,6.805857594767508e-191
62.33116558279139,-1.4636745308494428,8.125888028952725e-188
62.381190595297646,-0.0687038891611524,9.159918847007065e-185
62.4312156078039,-0.22739970100036294,9.74866697823083e-182
62.48124062031015,-0.7960559297526791,9.795613927843856e-179
62.53126563281641,-0.9897208856937176,9.292892252546812e-176
62.58129064532266,0.3410463171566962,8.323442042022268e-173
62.631315657828914,0.21481794918655822,7.038625106823441e-170
62.68134067033516,-0.40485022144885185,5.619601571171756e-167
62.731365682841414,0.5906425508253237,4.23600079193534e-164
62.78139069534767,-1.5940882783690027,3.0146670656612635e-161
62.83141570785392,1.6299891966055853,2.0256084342785466e-158
62.881440720360175,-1.7554323392483229,1.2850039224076444e-155
62.93146573286643,-0.004416999869551451,7.696375110069341e-153
62.98149074537268,-0.2587866503694253,4.352119542929616e-150
63.031515757878935,0.1535017102410626,2.3235296666962949e-147
63.08154077038519,0.9653613114755228,1.1711929359605796e-144
63.13156578289144,-0.22638587979801197,5.573672967223828e-142
63.181590795397696,-0.5071605108129502,2.504305678846455e-139
63.23161580790395,-1.077090529409507,1.06234605624277e-136
63.2816408204102,1.5945255932231575,4.254783810709442e-134
63.33166583291646,2.9282224304655755,1.6088731451599424e-131
63.38169084542271,2.664294672958333,5.7437948987303924e-129
63.431715857928964,-0.17948051985738916,1.9360156380395175e-126
63.48174087043521,-0.21314505512031465,6.161005759535834e-124
63.531765882941464,0.43915365402815415,1.851088509772264e-121
63.58179089544772,0.7679972610251234,5.250922055822551e-119
63.63181590795397,0.020872945670063838,1.406296107947771e-116
63.681840920460225,-0.40990701225475173,3.555910277526266e-114
63.73186593296648,-1.1609266728847498,8.489021437439371e-112
63.78189094547273,-0.6160368074486969,1.9133626089774036e-109
63.831915957978985,-0.6227553795605002,4.0716435559016434e-107
63.88194097048524,1.294837448116906,8.180409356537578e-105
63.93196598299149,-0.3696850448805337,1.5517192164710444e-102
63.981990995497746,-0.18935940984126468,2.778971267855075e-100
64.03201600800399,0.7629950933520058,4.698808991277794e-98
64.08204102051025,-0.08369661085513018,7.501089409527763e-96
64.1320660330165,0.09006182909232344,1.13056024399363e-93
64.18209104552275,0.2705743912450308,1.6087771652200455e-91
64.232116058029,0.5702187671977355,2.1613788309431777e-89
64.28214107053526,-0.34519516579316495,2.7415660301697116e-87
64.33216608304151,0.2015288316438459,3.2832151520734053e-85
64.38219109554777,1.3302958505801679,3.7122121933954216e-83
64.43221610805402,-0.38471411759764323,3.9627717553320288e-81
64.48224112056027,0.24838438025543874,3.993908778567569e-79
64.53226613306653,1.0015162154213462,3.80040639432055e-77
64.58229114557278,0.04240313356072598,3.4142455764336527e-75
64.63231615807904,0.1327742407627033,2.895958187270723e-73
64.68234117058529,-0.07481445578105693,2.319116870597056e-71
64.73236618309154,0.8365089157438873,1.7534193695124042e-69
64.7823911955978,0.8946219537158807,1.2516467636327957e-67
64.83241620810405,0.9530755395656565,8.43549511312213e-66
64.8824412206103,0.574719481945159,5.3675017166189174e-64
64.93246623311656,0.6557090426865846,3.2245314882446525e-62
64.98249124562281,-0.027190482742531313,1.828916461898446e-60
65.03251625812906,-0.23277184340281404,9.793860912684112e-59
65.08254127063532,0.29997605742510397,4.9516143361820506e-57
65.13256628314157,0.2680356780914896,2.363591979783179e-55
65.18259129564782,-0.4586024951779118,1.065199662257484e-53
65.23261630815408,0.7483287147732972,4.532338614856287e-52
65.28264132066033,-1.3704968889848668,1.8207339663743563e-50
65.33266633316659,-1.4824425263242753,6.905632393474167e-49
65.38269134567284,0.182658418564212,2.472824153203847e-47
65.43271635817908,0.12123296682052519,8.36018385801785e-46
65.48274137068533,0.7672109248197461,2.6685247772767347e-44
65.53276638319159,1.0801818811592627,8.041914787924052e-43
65.58279139569784,0.08406250162805305,2.2881290285715115e-41
65.63281640820409,0.4433604218072331,6.146591784496163e-40
65.68284142071035,-0.11870905801031788,1.5589100176369951e-38
65.7328664332166,-0.6968818318085884,3.7328500198679577e-37
65.78289144572285,-1.923847255267651,8.43903621425888e-36
65.8329164582291,-1.2824417237182941,1.8012665186376366e-34
65.88294147073536,1.3926322931882955,3.629910515916502e-33
65.93296648324161,0.37083981331806576,6.906319691712999e-32
65.98299149574787,-0.154197505613588,1.2405956474679472e-30
66.03301650825412,0.36434654875361017,2.10400440562017e-29
66.08304152076037,0.5896146373813552,3.3689599877313397e-28
66.13306653326663,0.4587322747811054,5.0930492704323854e-27
66.18309154577288,0.0014001428820943902,7.269302113528352e-26
66.23311655827914,-0.15637201228869274,9.795810520765948e-25
66.28314157078539,0.9431809468660294,1.2462949919867579e-23
66.33316658329164,-0.35021632184101237,1.4970425356667373e-22
66.3831915957979,0.22802009327148656,1.6977754404531012e-21
66.43321660830415,0.13509973433719916,1.817854711205201e-20
66.4832416208104,-0.362460763970874,1.837684319594484e-19
66.53326663331666,-0.42360556235448676,1.753942960371241e-18
66.58329164582291,0.04050624430183488,1.580493951315157e-17
66.63331665832916,0.20799715163217725,1.3446307133767347e-16
66.68334167083542,-0.3961090205387428,1.0800553991387967e-15
66.73336668334167,1.0606765289859836,8.190715741080616e-15
66.78339169584793,-0.7231275618531068,5.864493268983873e-14
66.83341670835418,-1.144494996179553,3.9643496051499755e-13
66.88344172086043,-1.1843464704745863,2.5301497009302768e-12
66.93346673336669,0.17814575748621933,1.524590836780376e-11
66.98349174587294,0.32674037653261223,8.673476558785861e-11
67.03351675837918,-0.0771390721253263,4.658712708550493e-10
67.08354177088543,-0.34876222711264143,2.362498090321822e-09
67.13356678339169,-0.1804248466293887,1.1311229634611918e-08
67.18359179589794,0.1770144157698185,5.113061175381516e-08
67.2336168084042,-0.9006820405714383,2.182151881344681e-07
67.28364182091045,0.2533372876367746,8.792690317175316e-07
67.3336668334167,-1.6347084245790096,3.3449636009575333e-06
67.38369184592295,-0.4342539360571759,1.201417162264613e-05
67.43371685842921,0.15129210048947223,4.0740755966142014e-05
67.48374187093546,-0.260101451839333,0.00013043590370322925
67.53376688344171,-0.5546662393400007,0.0003942739066417646
67.58379189594797,-0.6316247828555823,0.0011252052170100059
67.63381690845422,0.2655095491313901,0.003031783985261756
67.68384192096048,0.16806507625324607,0.007712542823585095
67.73386693346673,0.13739789987547488,0.01852378530467468
67.78389194597298,-1.7654736071790196,0.04200439226100091
67.83391695847924,2.0159353799593034,0.08992749349268465
67.88394197098549,0.7105239561319261,0.18177036876995661
67.93396698349174,0.41423320996751367,0.3468857858322134
67.983991995998,0.9361398660392672,0.6250039136255748
68.03401700850425,1.125187509220545,1.0631922095628112
68.0840420210105,0.9902192807199497,1.7075508712476257
68.13406703351676,2.3186708333526806,2.589216302308585
68.18409204602301,2.9444909013433995,3.706771634215305
68.23411705852926,5.032777260204345,5.010212493290566
68.28414207103552,6.9471036519315446,6.393656155128348
68.33416708354177,7.284640028536579,7.703271843114641
68.38419209604803,8.966846317981648,8.762620191819321
68.43421710855428,9.269916934504561,9.410778861784578
68.48424212106053,10.289065286244876,9.542231862300664
68.53426713356679,9.819387212472938,9.134971111231717
68.58429214607303,8.5901254106278,8.256523244086694
68.63431715857928,7.426852315350843,7.045633591505867
68.68434217108553,5.749023580167311,5.676435617285808
68.73436718359179,2.532027017419182,4.317816636337861
68.78439219609804,3.3185610742456597,3.100883789324482
68.8344172086043,0.6090070776722443,2.1025174183862387
68.88444222111055,1.4843461659990824,1.3459425738105961
68.9344672336168,0.7839386783235445,0.813478867289206
68.98449224612305,0.5557788041547225,0.46419326641005404
69.03451725862931,0.7871644660650727,0.2500830249109633
69.08454227113556,-0.1325630648708997,0.1272044802150868
69.13456728364181,-0.3025405101482446,0.061087649941395504
69.18459229614807,1.2773372317625074,0.02769728786669435
69.23461730865432,1.1391391509397106,0.011856428537110044
69.28464232116058,-0.10430264477013139,0.004791851465492185
69.33466733366683,-1.363758061615656,0.0018284606722893636
69.38469234617308,0.020828341848806196,0.0006587197975503534
69.43471735867934,-0.0522602585463115,0.00022405189687250884
69.48474237118559,0.4806434653283425,7.194976013738187e-05
69.53476738369184,0.50615831770965,2.1814380907993323e-05
69.5847923961981,0.2939943281692625,6.2443789412734955e-06
69.63481740870435,-0.24221637384233144,1.6875957580504216e-06
69.6848424212106,0.2234167459052466,4.30606336327063e-07
69.73486743371686,-0.41012892121887706,1.0373497906320986e-07
69.78489244622311,-1.2163332972308283,2.3594069129910563e-08
69.83491745872936,-0.7070046820568712,5.066561141179169e-09
69.88494247123562,0.04665490176861732,1.0272036281649318e-09
69.93496748374187,0.05511534395548976,1.966222302438218e-10
69.98499249624813,0.07483524421913058,3.553378804880701e-11
70.03501750875438,-1.0494835737493644,6.062939207349173e-12
70.08504252126063,-0.7685368663350564,9.76692237607625e-13
70.13506753376689,0.2632474712208149,1.4854740691826702e-13
70.18509254627313,-0.4186637107889011,2.133070602551789e-14
70.23511755877938,-0.682711231026486,2.8918662460758628e-15
70.28514257128563,1.623140198924302,3.701553155897811e-16
70.33516758379189,-0.19629938578689998,4.473244071951469e-17
70.38519259629814,-0.6948666858366946,5.103804331464053e-18
70.4352176088044,-0.3296003247161726,5.497917942839422e-19
70.48524262131065,-0.8454789516281371,5.591589846374813e-20
70.5352676338169,0.0830032019318185,5.369145558887924e-21
70.58529264632315,-1.3371444332179443,4.86752134602758e-22
70.63531765882941,-0.1603332819872146,4.1662312100229027e-23
70.68534267133566,-0.27818922076317193,3.366756347820742e-24
70.73536768384191,-0.5810723473654377,2.5686966759533325e-25
70.78539269634817,0.13896484042001622,1.8503197150291549e-26
70.83541770885442,0.45709236918304896,1.2583850357339529e-27
70.88544272136068,-0.04226306343983185,8.080032926410419e-29
70.93546773386693,-0.07489847228564327,4.898301714993793e-30
70.98549274637318,-0.4768930940394227,2.8035657811631397e-31
71.03551775887944,0.7280742041716967,1.5149865780212652e-32
71.08554277138569,-0.06695516087821717,7.72929060795722e-34
71.13556778389194,0.14119388545677203,3.7230880205238133e-35
71.1855927963982,-0.597962002252278,1.6931669701918502e-36
71.23561780890445,1.251008637498044,7.269910899872619e-38
71.2856428214107,0.13020837422917092,2.9470751129566684e-39
71.33566783391696,-0.5515525377058615,1.1279403634872069e-40
71.38569284642321,0.3956602886560419,4.0758095998894584e-42
71.43571785892946,-0.1650929564973366,1.39051108057618e-43
71.48574287143572,-0.36132120477735247,4.478863599276416e-45
71.53576788394197,-0.8179807781199494,1.3620530889224975e-46
71.58579289644823,0.6023660823212641,3.910686938468175e-48
71.63581790895448,0.1987958132153862,1.06009523559737e-49
71.68584292146073,0.1866471795559358,2.71312329900021e-51
71.73586793396697,-0.5797125946021416,6.5558196184885245e-53
71.78589294647323,2.1749081109779054,1.4956062682977694e-54
71.83591795897948,-1.4142667685771813,3.22136825201564e-56
71.88594297148573,-1.2355389447792904,6.550829380457272e-58
71.93596798399199,0.32491910749611286,1.257723045232421e-59
71.98599299649824,0.40809115953697606,2.2798515293126748e-61
72.0360180090045,-0.3045595074100383,3.9017633825785044e-63
72.08604302151075,0.49747611403687675,6.304463116851441e-65
72.136068034017,-0.35150824776340844,9.617630865978497e-67
72.18609304652325,-0.30788770062927867,1.3852269010825975e-68
72.23611805902951,1.256621802818247,1.8836774810649677e-70
72.28614307153576,0.5161779851021336,2.418382498843809e-72
72.33616808404201,0.571629331050506,2.9314078947373544e-74
72.38619309654827,1.6555240109105305,3.354751311869353e-76
72.43621810905452,0.09506393269888716,3.624743052119664e-78
72.48624312156078,0.08142417648005536,3.697659675871154e-80
72.53626813406703,0.6467755727687979,3.5613074214392235e-82
72.58629314657328,-0.5140901746890335,3.2383576305014204e-84
72.63631815907954,0.16384972117117463,2.7801803477157053e-86
72.68634317158579,-0.4904350923389634,2.253481234696698e-88
72.73636818409204,1.6108798374904727,1.7245180295506781e-90
72.7863931965983,2.1761464878056755,1.2459894035209176e-92
72.83641820910455,-1.3850488671143646,8.499507765429803e-95
72.8864432216108,1.2873014646598417,5.474015433921498e-97
72.93646823411706,-0.029493415742592177,3.328519277359328e-99
72.98649324662331,0.23485445109356867,1.9108603630242576e-101
73.03651825912956,0.23886208287394675,1.0357135159707353e-103
73.08654327163582,0.6044388794862671,5.300088873648061e-106
73.13656828414207,-0.03463531241576623,2.560704571207943e-108
73.18659329664833,-0.2832143704347257,1.1680693221158218e-110
73.23661830915458,0.6009988385244124,5.03049330607145e-113
73.28664332166083,2.006853724185423,2.0454334288632403e-115
73.33666833416707,-0.16333228856770615,7.852228694251842e-118
73.38669334667333,1.0020391638998665,2.8459898487109202e-120
73.43671835917958,-0.2780088838170591,9.738825179846004e-123
73.48674337168583,-0.33261289104663394,3.1463904096469076e-125
73.53676838419209,0.10586995115487985,9.597352931774131e-128
73.58679339669834,0.6653840448472355,2.763905170616912e-130
73.6368184092046,-0.7216760098765765,7.514976508466897e-133
73.68684342171085,0.4327373639390782,1.9291452713344956e-135
73.7368684342171,-1.487136718510289,4.675575288355077e-138
73.78689344672335,1.2860841945142443,1.0698872029116943e-140
73.83691845922961,-0.6381468215088985,2.311392754659333e-143
73.88694347173586,1.3401420036049485,4.714572500992035e-146
73.93696848424212,-0.3301903174638003,9.07911895540923e-149
73.98699349674837,-0.47913133357048704,1.650737093216937e-151
74.03701850925462,-0.4893202002832714,2.833641672156077e-154
74.08704352176088,0.382398244353748,4.5924534994001414e-157
74.13706853426713,0.1441542506763594,7.027120824363104e-160
74.18709354677338,-0.06073629430506602,1.0151796199555077e-162
74.23711855927964,-0.32180837697227244,1.3846537197629892e-165
74.28714357178589,1.967989543794754,1.7830859555066545e-168
74.33716858429214,-1.4376999480342525,2.167884789754931e-171
74.3871935967984,0.060260492156434385,2.48847300419477e-174
74.43721860930465,-0.07619657116526579,2.696885359163673e-177
74.4872436218109,-0.1954788268860492,2.759464770450214e-180
74.53726863431716,-0.9839191234397597,2.665753810083787e-183
74.58729364682341,-0.15883952909775628,2.4313531263643147e-186
74.63731865932967,-0.20084074828479262,2.09367302367974e-189
74.68734367183592,-0.9847527793016292,1.702168272902196e-192
74.73736868434217,0.35199389527499886,1.3065587470878536e-195
74.78739369684843,1.52952110553921,9.46865316349043e-199
74.83741870935468,-0.6551992495437763,6.478586951156583e-202
74.88744372186092,0.9296001511820269,4.185093756104302e-205
74.93746873436717,0.05957702112845705,2.5524832911634916e-208
74.98749374687343,-0.19854680637455943,1.4697837463610235e-211
75.03751875937968,-0.10923525105885215,7.990552134815957e-215
75.08754377188593,0.22368180547556454,4.1014078175075446e-218
75.13756878439219,0.21527735274716725,1.9875677290335344e-221
75.18759379689844,0.32021153366994753,9.093765167987691e-225
75.2376188094047,-0.8922369469868223,3.9282430407305207e-228
75.28764382191095,-1.038190912703476,1.6020858363462602e-231
75.3376688344172,-0.5157784539833983,6.16887582837219e-235
75.38769384692345,0.5574055019926798,2.2426375654551003e-238
75.43771885942971,-0.054741231191627035,7.69741626150974e-242
75.48774387193596,-0.5433692552165277,2.494386054897745e-245
75.53776888444222,-0.36585071061097524,7.63159268745419e-249
75.58779389694847,0.09446787323491528,2.2044462441423997e-252
75.63781890945472,-0.359283182039488,6.01196798349764e-256
75.68784392196098,-0.20203211913138086,1.5479845496545006e-259
75.73786893446723,1.5152830313214414,3.7631315522038596e-263
75.78789394697348,1.0050346918082185,8.63704129804086e-267
75.83791895947974,-1.3212144557803949,1.8716016011966499e-270
75.88794397198599,-0.003154777151120838,3.8290817310585366e-274
75.93796898449224,-0.12355914535227876,7.396200592033418e-278
75.9879939969985,-0.17699037354277963,1.3488247995245672e-281
76.03801900950475,0.393406421210561,2.322390358875727e-285
76.088044022011,0.26150785979213403,3.7752673657330557e-289
76.13806903451726,0.19927815320589,5.794193897701073e-293
76.18809404702351,-1.0750899828586784,8.395975281158314e-297
76.23811905952977,-1.4150812116473366,1.148635129865629e-300
76.28814407203602,-1.6680349792678193,1.4836308468437988e-304
76.33816908454227,0.7476280403283782,1.809266035847444e-308
76.38819409704853,0.4127382620858,2.083108174383e-312
76.43821910955478,-0.17842153409255262,2.2644047e-316
76.48824412206102,-0.5554032340718265,2.324e-320
76.53826913456727,0.47990940143397837,0.0
76.58829414707353,0.5933961225523734,0.0
76.63831915957978,-0.24756992052744106,0.0
76.68834417208603,-0.2328388404399152,0.0
76.73836918459229,0.06618367202650734,0.0
76.78839419709854,0.5197458808821979,0.0
76.8384192096048,1.0098303960827317,0.0
76.88844422211105,0.5139227436575189,0.0
76.9384692346173,-0.16679994688671818,0.0
76.98849424712355,-0.061632116214347256,0.0
77.03851925962981,0.8648651426512494,0.0
77.08854427213606,0.08207153946515446,0.0
77.13856928464232,-0.1270204148869155,0.0
77.18859429714857,0.9268121891675581,0.0
77.23861930965482,-1.164846381685166,0.0
77.28864432216108,0.4552416367419212,0.0
77.33866933466733,-0.9184078429776835,0.0
77.38869434717358,0.8355086982469364,0.0
77.43871935967984,0.22078735435015784,0.0
77.48874437218609,-0.7100332120230205,0.0
77.53876938469234,-0.5854735949699563,0.0
77.5887943971986,0.3055360348286769,0.0
77.63881940970485,0.5173687253355845,0.0
77.6888444222111,-0.39895286193220825,0.0
77.73886943471736,0.6018481622252203,0.0
77.78889444722361,2.8330095278865235,0.0
77.83891945972987,-1.838930849516285,0.0
77.88894447223612,0.030052724067651755,0.0
77.93896948474237,0.21319318532717654,0.0
77.98899449724863,-0.3420669668967121,0.0
78.03901950975487,-0.439412937380689,0.0
78.08904452226112,0.2838082329723059,0.0
78.13906953476737,-0.06580249507309686,0.0
78.18909454727363,-0.23795844969099322,0.0
78.23911955977988,-0.2690594653523511,0.0
78.28914457228613,0.9260123840735316,0.0
78.33916958479239,-2.1517252677891148,0.0
78.38919459729864,0.6649405300807456,0.0
78.4392196098049,-0.10753138195716669,0.0
78.48924462231115,-0.48428620994556026,0.0
78.5392696348174,0.9782946243158926,0.0
78.58929464732365,-0.2071758219056814,0.0
78.63931965982991,-0.537620789814982,0.0
78.68934467233616,0.40774047516869827,0.0
78.73936968484242,0.018727662956211845,0.0
78.78939469734867,1.5503848771865232,0.0
78.83941970985492,-2.5267147112831156,0.0
78.88944472236118,0.021215325953584843,0.0
78.93946973486743,-0.23746966779255088,0.0
78.98949474737368,0.03719242269646749,0.0
79.03951975987994,0.26299625839980867,0.0
79.08954477238619,0.27071402091848,0.0
79.13956978489244,-0.06466339324304667,0.0
79.1895947973987,0.060117502842909495,0.0
79.23961980990495,-0.946823525824101,0.0
79.2896448224112,2.0106749070135,0.0
79.33966983491746,1.1788293468635476,0.0
79.38969484742371,1.3329765607427086,0.0
79.43971985992997,0.22878866452516042,0.0
79.48974487243622,-0.2491502729071915,0.0
79.53976988494247,-0.16624968701204673,0.0
79.58979489744873,-0.28345901339324286,0.0
79.63981990995497,0.21331348517510404,0.0
79.68984492246122,0.08223463407373091,0.0
79.73986993496747,0.4806891442153161,0.0
79.78989494747373,1.3121226340562426,0.0
79.83991995997998,-0.054909650998645566,0.0
79.88994497248623,1.082796196144198,0.0
79.93996998499249,-0.1919897550831084,0.0
79.98999499749874,0.04349573726708425,0.0
80.040020010005,-0.4597557134770275,0.0
80.09004502251125,0.1194152043035303,0.0
80.1400700350175,-0.12063727335140804,0.0
80.19009504752376,-0.7399340283109245,0.0
80.24012006003001,0.6995302260996762,0.0
80.29014507253626,0.9836947282164852,0.0
80.34017008504252,-0.549115763065829,0.0
80.39019509754877,-0.5953384528804655,0.0
80.44022011005502,0.09306419300782312,0.0
80.49024512256128,-0.13323687722792965,0.0
80.54027013506753,-0.0171590585790936,0.0
80.59029514757378,0.053403238054258215,0.0
80.64032016008004,0.030612742740413878,0.0
80.69034517258629,-0.44158674797220787,0.0
80.74037018509254,0.7671240150423959,0.0
80.7903951975988,-0.10916227311988135,0.0
80.84042021010505,0.5249984077815254,0.0
80.8904452226113,-1.426419949115206,0.0
80.94047023511756,0.07183789017747887,0.0
80.99049524762381,0.20078149376822363,0.0
81.04052026013007,0.4977701733099931,0.0
81.09054527263632,-0.6166595248429823,0.0
81.14057028514257,-0.31021399647930004,0.0
81.19059529764881,-0.10907888193930292,0.0
81.24062031015507,-0.7694721197390169,0.0
81.29064532266132,1.230534797878702,0.0
81.34067033516757,-1.417732077426333,0.0
81.39069534767383,0.5242507127980506,0.0
81.44072036018008,0.18318439284240748,0.0
81.49074537268633,0.4415907154907454,0.0
81.54077038519259,0.22777542661885017,0.0
81.59079539769884,0.9976790178191547,0.0
81.6408204102051,0.302049682529963,0.0
81.69084542271135,0.5580615583834364,0.0
81.7408704352176,2.2495372533254314,0.0
81.79089544772386,0.264931995344844,0.0
81.84092046023011,0.7094678763272435,0.0
81.89094547273636,-1.2890250909907692,0.0
81.94097048524262,0.08807361052691481,0.0
81.99099549774887,0.07708799070543616,0.0
82.04102051025512,-0.5960077476462187,0.0
82.09104552276138,0.44621409352208175,0.0
82.14107053526763,-0.5244360853729411,0.0
82.19109554777388,-0.8558340776847136,0.0
82.24112056028014,-0.16056243014967472,0.0
82.29114557278639,-0.4922366890443625,0.0
82.34117058529264,1.4913709620609843,0.0
82.3911955977989,0.3031000995169399,0.0
82.44122061030515,-0.169756206356581,0.0
82.4912456228114,-0.3198601471637853,0.0
82.54127063531766,0.4598814179016874,0.0
82.59129564782391,0.7371966399582692,0.0
82.64132066033017,0.22541345610004712,0.0
82.69134567283642,-0.4309623366441942,0.0
82.74137068534267,-1.918365703173244,0.0
82.79139569784891,1.2128333031513006,0.0
82.84142071035517,1.2887374106312521,0.0
82.89144572286142,0.11589904621846057,0.0
82.94147073536767,0.18460239833921993,0.0
82.99149574787393,0.09463651534836767,0.0
83.04152076038018,-0.3347884449717747,0.0
83.09154577288643,0.1738954344840965,0.0
83.14157078539269,-0.39813993050521684,0.0
83.19159579789894,0.4142725768998989,0.0
83.2416208104052,-0.6017489247370637,0.0
83.29164582291145,0.4470789733640568,0.0
83.3416708354177,-2.6084543960142628,0.0
83.39169584792396,0.5760290668270368,0.0
83.44172086043021,0.08896199935474268,0.0
83.49174587293646,0.1428380345170146,0.0
83.54177088544272,0.6431592501845136,0.0
83.59179589794897,0.19869870364366343,0.0
83.64182091045522,0.7143676886352766,0.0
83.69184592296148,0.34814089217808386,0.0
83.74187093546773,-0.7254427366358209,0.0
83.79189594797398,-2.3621527339708424,0.0
83.84192096048024,1.0141490025456432,0.0
83.89194597298649,-1.6977727614635512,0.0
83.94197098549274,0.07669559261680002,0.0
83.991995997999,-0.04780900259926606,0.0
84.04202101050525,-1.3501147066917076,0.0
84.0920460230115,0.08438336399481738,0.0
84.14207103551776,0.7035363460330504,0.0
84.19209604802401,-0.03511393705246028,0.0
84.24212106053027,2.2905005028650107,0.0
84.29214607303652,2.62277336226073,0.0
84.34217108554276,1.382612884726784,0.0
84.39219609804901,1.0072436333672727,0.0
84.44222111055527,-0.06209793540507945,0.0
84.49224612306152,0.2612291334797014,0.0
84.54227113556777,-0.776931813045951,0.0
84.59229614807403,-0.2871196135053722,0.0
84.64232116058028,-0.06549908658288506,0.0
84.69234617308653,0.10594252072495608,0.0
84.74237118559279,-0.41978283587593,0.0
84.79239619809904,-1.4516862721715194,0.0
84.8424212106053,-0.4390388351479399,0.0
84.89244622311155,1.001637742072605,0.0
84.9424712356178,0.15209721485960137,0.0
84.99249624812406,-0.3088983480450224,0.0
85.04252126063031,-0.06139845314324558,0.0
85.09254627313656,0.5767610317801589,0.0
85.14257128564282,0.07395830226960888,0.0
85.19259629814907,-0.22426828145171743,0.0
85.24262131065532,-0.09434248596631037,0.0
85.29264632316158,0.25760661935835627,0.0
85.34267133566783,0.5126050688190414,0.0
85.39269634817408,0.12369521657239008,0.0
85.44272136068034,0.0060694037446683054,0.0
85.49274637318659,0.08129976169795575,0.0
85.54277138569284,-0.3311159257927072,0.0
85.5927963981991,-0.217613056623813,0.0
85.64282141070535,0.4182802967201168,0.0
85.6928464232116,0.020916386078048157,0.0
85.74287143571786,-1.429431026520082,0.0
85.79289644822411,-3.139115276935987,0.0
85.84292146073037,-1.167468328067169,0.0
85.89294647323662,-0.7170048072521474,0.0
85.94297148574286,-0.026349995327148393,0.0
85.99299649824911,-0.3959740825432282,0.0
86.04302151075537,-1.3704956301495026,0.0
86.09304652326162,0.20296555431069824,0.0
86.14307153576787,0.5753182284001264,0.0
86.19309654827413,0.7325494587638066,0.0
86.24312156078038,0.05340312139918833,0.0
86.29314657328663,-0.3047644748550868,0.0
86.34317158579289,0.904810348498904,0.0
86.39319659829914,-1.4355103278940744,0.0
86.4432216108054,0.09297510808472098,0.0
86.49324662331165,-0.48626430962515144,0.0
86.5432716358179,0.516164691225864,0.0
86.59329664832416,-0.5302265662341997,0.0
86.64332166083041,-0.11419985386349162,0.0
86.69334667333666,-0.39873545873852295,0.0
86.74337168584292,-0.4251933160966176,0.0
86.79339669834917,1.2060865056320436,0.0
86.84342171085542,0.9457647311955987,0.0
86.89344672336168,0.3466567057309107,0.0
86.94347173586793,-0.046452624035535836,0.0
86.99349674837418,0.6503701917302015,0.0
87.04352176088044,0.1000541306694824,0.0
87.09354677338669,-0.38298397067466045,0.0
87.14357178589295,0.02046958724795866,0.0
87.1935967983992,-0.13625520097350954,0.0
87.24362181090545,-0.15669717421226873,0.0
87.2936468234117,0.6634507860945957,0.0
87.34367183591796,1.7841777457222043,0.0
87.39369684842421,0.19353404736831747,0.0
87.44372186093047,0.1819579736444795,0.0
87.4937468734367,0.39443295631607045,0.0
87.54377188594296,-0.7019265542743366,0.0
87.59379689844921,-0.904517814512528,0.0
87.64382191095547,-0.18058519274187604,0.0
87.69384692346172,0.3326583998623908,0.0
87.74387193596797,1.477850872449291,0.0
87.79389694847423,-1.6822580098599895,0.0
87.84392196098048,0.58440418991202,0.0
87.89394697348673,0.8900554757286561,0.0
87.94397198599299,-0.056709512078496185,0.0
87.99399699849924,-1.229341500647308,0.0
88.0440220110055,-0.24395194174356447,0.0
88.09404702351175,0.05558899424264333,0.0
88.144072036018,0.1968495159195889,0.0
88.19409704852426,-0.6705610873022749,0.0
88.24412206103051,1.0543611289853592,0.0
88.29414707353676,0.37330522460672394,0.0
88.34417208604302,-2.562382284288481,0.0
88.39419709854927,1.3335964934673457,0.0
88.44422211105552,0.09675634285541355,0.0
88.49424712356178,0.7816609532894172,0.0
88.54427213606803,-0.18885144192613157,0.0
88.59429714857428,-0.7577942807624674,0.0
88.64432216108054,-0.5524449533451546,0.0
88.69434717358679,-0.5910407183146535,0.0
88.74437218609305,-0.5030753075571743,0.0
88.7943971985993,-2.7635823538284097,0.0
88.84442221110555,-2.6676774245831414,0.0
88.8944472236118,0.5987588533053155,0.0
88.94447223611806,0.09182354054846081,0.0
88.99449724862431,0.06152403180787144,0.0
89.04452226113057,-0.2678755604360522,0.0
89.0945472736368,-0.5364027506295997,0.0
89.14457228614306,-0.7280274892777276,0.0
89.19459729864931,0.3420556656964731,0.0
89.24462231115557,-1.5309927975648654,0.0
89.29464732366182,0.5072921241183964,0.0
89.34467233616807,-0.02116537269401001,0.0
89.39469734867433,1.7658849685540838,0.0
89.44472236118058,-0.07708551493177719,0.0
89.49474737368683,-0.10796225524364594,0.0
89.54477238619309,0.07469775503938239,0.0
89.59479739869934,-0.210756914765686,0.0
89.6448224112056,0.06866199802041961,0.0
89.69484742371185,0.2489908625853255,0.0
89.7448724362181,-0.6804112780436633,0.0
89.79489744872436,0.3597133504785715,0.0
89.84492246123061,0.771797601877035,0.0
89.89494747373686,-0.07903726180787012,0.0
89.94497248624312,-0.004843043034304792,0.0
89.99499749874937,-0.25786289103415055,0.0
90.04502251125562,0.2551857695050611,0.0
90.09504752376188,0.3549115862840619,0.0
90.14507253626813,-0.3511976474799336,0.0
90.19509754877438,0.48704828748383067,0.0
90.24512256128064,0.06474244170748811,0.0
90.29514757378689,-0.8613009959977126,0.0
90.34517258629315,2.3991263115922594,0.0
90.3951975987994,-0.46045712646802356,0.0
90.44522261130565,0.06575802537885721,0.0
90.4952476238119,0.39863885335656934,0.0
90.54527263631816,-0.643194435008039,0.0
90.59529764882441,-0.02270998223984048,0.0
90.64532266133065,0.3112375991012495,0.0
90.6953476738369,0.769690246162534,0.0
90.74537268634316,-0.7166130507189358,0.0
90.79539769884941,-1.3448974439230672,0.0
90.84542271135567,-0.770697781194148,0.0
90.89544772386192,-0.6742907450733596,0.0
90.94547273636817,-0.08276756085661975,0.0
90.99549774887443,0.09340058393732036,0.0
91.04552276138068,1.397339035681551,0.0
91.09554777388693,0.47947470597375597,0.0
91.14557278639319,0.17825671370774768,0.0
91.19559779889944,-0.21483638600624647,0.0
91.2456228114057,-1.5673438517538887,0.0
91.29564782391195,-1.1874323903432005,0.0
91.3456728364182,3.6003425697236797,0.0
91.39569784892446,-0.5361669517042275,0.0
91.44572286143071,-0.026842614353203276,0.0
91.49574787393696,0.36491513123872216,0.0
91.54577288644322,0.5121629188378544,0.0
91.59579789894947,-0.6948469021234962,0.0
91.64582291145572,0.08686959065838266,0.0
91.69584792396198,0.21853499687526431,0.0
91.74587293646823,-0.5240166168039624,0.0
91.79589794897448,-0.6412182938385417,0.0
91.84592296148074,-1.5129176361040473,0.0
91.89594797398699,-0.09205158854755102,0.0
91.94597298649325,-0.02119373827798665,0.0
91.9959979989995,-1.0418138219174935,0.0
92.04602301150575,0.8041225256462287,0.0
92.096048024012,-0.4669103243563523,0.0
92.14607303651826,-0.5991310035551833,0.0
92.19609804902451,-0.8261303472785521,0.0
92.24612306153075,0.690554689627826,0.0
92.296148074037,1.0963169253808884,0.0
92.34617308654326,-1.2781424742508023,0.0
92.39619809904951,-1.4696790640552047,0.0
92.44622311155577,-0.10377989548916672,0.0
92.49624812406202,0.18117273511872092,0.0
92.54627313656827,-0.004195099234095543,0.0
92.59629814907453,0.38047239132570854,0.0
92.64632316158078,-0.04864073788184998,0.0
92.69634817408703,-1.5190987043404403,0.0
92.74637318659329,-0.11334971344681945,0.0
92.79639819909954,-0.8795027695812083,0.0
92.8464232116058,0.4564456043384547,0.0
92.89644822411205,-0.529964840006117,0.0
92.9464732366183,-0.04156449748711214,0.0
92.99649824912456,-1.2076026675703262,0.0
93.04652326163081,0.3685453880734678,0.0
93.09654827413706,0.07331611415640961,0.0
93.14657328664332,-0.018476877404733045,0.0
93.19659829914957,0.711854073310205,0.0
93.24662331165582,-0.6337878127565664,0.0
93.29664832416208,-0.07527831611661834,0.0
93.34667333666833,-2.5505066898616753,0.0
93.39669834917459,-1.2858505141254712,0.0
93.44672336168084,0.01891169311628963,0.0
93.49674837418709,0.2514002304906809,0.0
93.54677338669335,-0.020353197488324603,0.0
93.5967983991996,0.29802376218798476,0.0
93.64682341170585,-0.3132319854821238,0.0
93.6968484242121,-0.1389254812929326,0.0
93.74687343671836,-1.1836775406447921,0.0
93.7968984492246,0.6014018133093427,0.0
93.84692346173085,-0.10750669526857186,0.0
93.8969484742371,1.0636607665683944,0.0
93.94697348674336,0.04547399662877668,0.0
93.99699849924961,-0.41876079670170063,0.0
94.04702351175587,-1.215842937821209,0.0
94.09704852426212,-0.27745082027769524,0.0
94.14707353676837,0.4213182506671662,0.0
94.19709854927463,-0.2304796327237907,0.0
94.24712356178088,-0.276248773578765,0.0
94.29714857428714,0.2940917818252228,0.0
94.34717358679339,-0.7453955266079931,0.0
94.39719859929964,-0.22964622430801854,0.0
94.4472236118059,-0.051095775566521874,0.0
94.49724862431215,-0.385690420033579,0.0
94.5472736368184,-0.1693994799116792,0.0
94.59729864932466,0.08639001195288243,0.0
94.64732366183091,0.29368251408370655,0.0
94.69734867433716,-0.7396198092942228,0.0
94.74737368684342,1.613672280697646,0.0
94.79739869934967,-2.1506232660358275,0.0
94.84742371185592,0.07918497227277697,0.0
94.89744872436218,-0.6891535444698789,0.0
94.94747373686843,-0.07144401602677572,0.0
94.99749874937469,-0.5289110214328574,0.0
95.04752376188094,0.693436834495769,0.0
95.09754877438719,-0.23716520875943659,0.0
95.14757378689345,0.345793122702734,0.0
95.1975987993997,0.6382549026203955,0.0
95.24762381190595,-0.22811504013147232,0.0
95.2976488244122,1.8353680263380932,0.0
95.34767383691846,-0.4200077927626746,0.0
95.3976988494247,-0.045469737805284814,0.0
95.44772386193095,-0.04782396379995157,0.0
95.4977488744372,0.24532011047457616,0.0
95.54777388694346,-0.1597257725204865,0.0
95.59779889944971,-0.16332810379176166,0.0
95.64782391195597,0.22796348502833266,0.0
95.69784892446222,0.02749093026097577,0.0
95.74787393696847,0.3063422112121174,0.0
95.79789894947473,-1.2559821789135721,0.0
95.84792396198098,2.4933558306027974,0.0
95.89794897448724,-1.3395210045143455,0.0
95.94797398699349,0.005201563210168523,0.0
95.99799899949974,0.5378653430708195,0.0
96.048024012006,0.5430984617957476,0.0
96.09804902451225,0.42968461681957826,0.0
96.1480740370185,0.44714336355638323,0.0
96.19809904952476,0.5014496824975618,0.0
96.24812406203101,0.7771143353975446,0.0
96.29814907453726,0.42590588980135147,0.0
96.34817408704352,-2.4092102599648286,0.0
96.39819909954977,-0.26961488887451873,0.0
96.44822411205602,0.0201956804530494,0.0
96.49824912456228,0.5457230033507108,0.0
96.54827413706853,0.20853099584537949,0.0
96.59829914957479,-0.45671176478980186,0.0
96.64832416208104,-0.5935822403920681,0.0
96.69834917458729,-0.3411951699611161,0.0
96.74837418709355,-0.3683948563980342,0.0
96.7983991995998,-1.0609054823339428,0.0
96.84842421210605,-0.881656472314158,0.0
96.8984492246123,0.7439544555406852,0.0
96.94847423711855,0.032335379902530825,0.0
96.9984992496248,0.032223734679740136,0.0
97.04852426213105,1.4407218919501399,0.0
97.0985492746373,-0.16860087387282854,0.0
97.14857428714356,0.41394516261539527,0.0
97.19859929964981,0.6818483473222852,0.0
97.24862431215607,0.20105891777072826,0.0
97.29864932466232,-0.6062289382891839,0.0
97.34867433716857,-3.917779276477586,0.0
97.39869934967483,-0.5521471609910306,0.0
97.44872436218108,0.005042214408945915,0.0
97.49874937468734,0.17977836396091806,0.0
97.54877438719359,0.548202601661986,0.0
97.59879939969984,-0.41329170409826127,0.0
97.6488244122061,-0.0372306558031676,0.0
97.69884942471235,0.3675685545482028,0.0
97.7488744372186,0.6549315908695501,0.0
97.79889944972486,-0.2887855977617852,0.0
97.84892446223111,-0.9516207136120626,0.0
97.89894947473736,-0.7520858121631124,0.0
97.94897448724362,-0.01162373102517902,0.0
97.99899949974987,-0.3969629309374127,0.0
98.04902451225612,-0.46581741451279446,0.0
98.09904952476238,-0.4226683847975329,0.0
98.14907453726863,-0.6557057671309302,0.0
98.19909954977489,0.9892829209174814,0.0
98.24912456228114,0.7914213754497785,0.0
98.29914957478739,1.3571315744728847,0.0
98.34917458729365,-1.8761735809886928,0.0
98.3991995997999,0.035281456636140164,0.0
98.44922461230615,0.02037305762298235,0.0
98.4992496248124,-0.31791880711231024,0.0
98.54927463731865,0.04732100566003812,0.0
98.5992996498249,0.7967360799633079,0.0
98.64932466233115,0.17402032434729517,0.0
98.6993496748374,0.31696286493049086,0.0
98.74937468734366,0.8174447760273865,0.0
98.79939969984991,-1.14958041874947,0.0
98.84942471235617,-1.5438655147262104,0.0
98.89944972486242,0.8986339200959291,0.0
98.94947473736867,-0.015510474505391583,0.0
98.99949974987493,-0.3760592311121747,0.0
99.04952476238118,0.08449727961444091,0.0
99.09954977488744,0.9766611173651377,0.0
99.14957478739369,0.5082849260398444,0.0
99.19959979989994,-0.5529739394209874,0.0
99.2496248124062,-0.07134814287798519,0.0
99.29964982491245,-0.9510750206834135,0.0
99.3496748374187,0.7962983031766209,0.0
99.39969984992496,0.863877434008669,0.0
99.44972486243121,-0.019199268106421866,0.0
99.49974987493746,-0.291854135370522,0.0
99.54977488744372,0.7830866846460098,0.0
99.59979989994997,-0.7233844313297689,0.0
99.64982491245622,-0.3691414732836921,0.0
99.69984992496248,0.41230614369371876,0.0
99.74987493746873,-0.7541507275230102,0.0
99.79989994997499,-0.982204201890967,0.0
99.84992496248124,1.9658521509234472,0.0
99.89994997498749,0.4574564743960474,0.0
99.94997498749375,0.022570473064061614,0.0
100.0,-0.16522946065207467,0.0
